ID,Cardhldr,default,Age,Income,Exp_Inc,Avgexp,Ownrent,Selfempl,Depndt,Inc_per,Cur_add,Major,Active
1,1.0000000,0.00,27.08333,2.400000,0.01679833000,33.0133300,0.0000000,0.0000000,0.0000000,2.4000000,56.0000000,1.0000000,1.0000000
2,1.0000000,1.00,24.25000,3.500000,0.06996286000,203.8917000,0.0000000,0.0000000,0.0000000,3.5000000,60.0000000,1.0000000,11.0000000
3,0.0000000,,27.41667,1.600000,0.00000000000,0.0000000,1.0000000,0.0000000,1.0000000,0.8000000,30.0000000,0.0000000,0.0000000
4,1.0000000,0.00,40.33333,3.067000,0.15969970000,408.0825000,0.0000000,0.0000000,2.0000000,1.0223330,18.0000000,0.0000000,0.0000000
5,1.0000000,0.00,28.16667,3.350000,0.07162478000,199.3692000,1.0000000,0.0000000,0.0000000,3.3500000,18.0000000,1.0000000,2.0000000
6,0.0000000,,34.25000,1.944000,0.00000000000,0.0000000,0.0000000,0.0000000,1.0000000,0.9720000,54.0000000,1.0000000,1.0000000
7,1.0000000,1.00,23.25000,1.876900,0.35362990000,553.1067000,0.0000000,0.0000000,0.0000000,1.8769000,12.0000000,1.0000000,3.0000000
8,1.0000000,0.00,20.25000,2.000000,0.20489700000,341.2450000,0.0000000,0.0000000,0.0000000,2.0000000,24.0000000,1.0000000,7.0000000
9,0.0000000,,22.66667,1.500000,0.00000000000,0.0000000,0.0000000,0.0000000,3.0000000,0.3750000,14.0000000,1.0000000,4.0000000
10,1.0000000,1.00,29.41667,2.100000,0.07229714000,126.1033000,1.0000000,0.0000000,3.0000000,0.5250000,90.0000000,0.0000000,5.0000000
11,1.0000000,0.00,30.08333,2.700000,0.01248148000,27.4166700,0.0000000,0.0000000,2.0000000,0.9000000,1.0000000,1.0000000,8.0000000
12,1.0000000,0.00,35.33333,3.000000,0.05401800000,135.0450000,0.0000000,0.0000000,1.0000000,1.5000000,6.0000000,1.0000000,8.0000000
13,0.0000000,,34.75000,2.670000,0.00000000000,0.0000000,0.0000000,0.0000000,0.0000000,2.6700000,51.0000000,1.0000000,25.0000000
14,1.0000000,0.00,31.25000,4.200000,0.04768381000,166.7267000,1.0000000,0.0000000,0.0000000,4.2000000,53.0000000,1.0000000,0.0000000
15,1.0000000,0.00,26.08333,2.375000,0.14285100000,282.7258000,0.0000000,1.0000000,1.0000000,1.1875000,114.0000000,1.0000000,1.0000000
16,0.0000000,,41.83333,3.500000,0.00000000000,0.0000000,0.0000000,0.0000000,0.0000000,3.5000000,54.0000000,1.0000000,0.0000000
17,0.0000000,,30.75000,2.315000,0.00000000000,0.0000000,0.0000000,0.0000000,1.0000000,1.1575000,17.0000000,1.0000000,8.0000000
18,0.0000000,,24.33333,4.100000,0.00000000000,0.0000000,0.0000000,0.0000000,1.0000000,2.0500000,5.0000000,0.0000000,4.0000000
19,0.0000000,,21.66667,3.840000,0.00000000000,0.0000000,0.0000000,1.0000000,1.0000000,1.9200000,12.0000000,0.0000000,1.0000000
20,1.0000000,1.00,56.75000,7.572000,0.00666930800,41.3333300,1.0000000,1.0000000,2.0000000,2.5240000,39.0000000,1.0000000,18.0000000
21,1.0000000,0.00,63.75000,6.000000,0.00183333300,8.3333330,0.0000000,0.0000000,0.0000000,6.0000000,50.0000000,1.0000000,14.0000000
22,1.0000000,0.00,29.00000,2.500000,0.52639560000,"1,096.6570000",0.0000000,0.0000000,0.0000000,2.5000000,12.0000000,1.0000000,14.0000000
23,1.0000000,0.00,45.08333,4.600000,0.07776695000,298.0233000,0.0000000,0.0000000,2.0000000,1.5333330,72.0000000,1.0000000,5.0000000
24,0.0000000,,35.91667,1.850000,0.00000000000,0.0000000,0.0000000,0.0000000,0.0000000,1.8500000,62.0000000,0.0000000,0.0000000
25,1.0000000,0.00,33.25000,2.420000,0.00521694200,9.8541670,0.0000000,0.0000000,3.0000000,0.6050000,34.0000000,1.0000000,13.0000000
26,0.0000000,,40.16667,3.709900,0.00000000000,0.0000000,0.0000000,0.0000000,2.0000000,1.2366330,15.0000000,1.0000000,11.0000000
27,1.0000000,0.00,25.16667,1.500000,0.08980467000,111.8392000,1.0000000,0.0000000,1.0000000,0.7500000,14.0000000,1.0000000,19.0000000
28,1.0000000,0.00,22.83333,2.000000,0.02298450000,37.9741700,0.0000000,0.0000000,0.0000000,2.0000000,25.0000000,1.0000000,11.0000000
29,1.0000000,0.00,35.58333,3.580000,0.05199190000,154.8592000,1.0000000,0.0000000,2.0000000,1.1933330,123.0000000,1.0000000,7.0000000
30,1.0000000,1.00,37.08333,3.000000,0.00366666700,8.3333330,0.0000000,0.0000000,0.0000000,3.0000000,60.0000000,1.0000000,9.0000000
31,1.0000000,0.00,28.08333,2.100000,0.09068000000,158.6067000,1.0000000,0.0000000,1.0000000,1.0500000,24.0000000,0.0000000,11.0000000
32,1.0000000,0.00,34.58333,7.000000,0.03546543000,206.3817000,0.0000000,1.0000000,6.0000000,1.0000000,63.0000000,1.0000000,3.0000000
33,1.0000000,0.00,32.00000,2.400000,0.00050000000,0.0000000,0.0000000,0.0000000,1.0000000,1.2000000,11.0000000,1.0000000,8.0000000
34,0.0000000,,45.50000,6.500000,0.00000000000,0.0000000,0.0000000,0.0000000,2.0000000,2.1666670,34.0000000,1.0000000,9.0000000
35,0.0000000,,33.58333,2.550000,0.00000000000,0.0000000,0.0000000,0.0000000,3.0000000,0.6375000,36.0000000,1.0000000,0.0000000
36,1.0000000,0.00,32.83333,3.700000,0.00899891900,26.9966700,0.0000000,1.0000000,0.0000000,3.7000000,60.0000000,1.0000000,7.0000000
37,1.0000000,0.00,62.50000,2.654500,0.10374530000,229.4933000,0.0000000,0.0000000,0.0000000,2.6545000,100.0000000,1.0000000,1.0000000
38,1.0000000,0.00,27.08333,4.100000,0.11578100000,395.5850000,1.0000000,0.0000000,2.0000000,1.3666670,41.0000000,1.0000000,14.0000000
39,1.0000000,0.00,45.08333,3.900000,0.09064000000,294.5800000,0.0000000,0.0000000,0.0000000,3.9000000,120.0000000,1.0000000,12.0000000
40,1.0000000,0.00,41.91667,5.000000,0.24272000000,"1,011.3330000",0.0000000,0.0000000,1.0000000,2.5000000,36.0000000,1.0000000,5.0000000
41,1.0000000,0.00,35.58333,2.000000,0.19204400000,319.4900000,0.0000000,0.0000000,0.0000000,2.0000000,156.0000000,1.0000000,4.0000000
42,1.0000000,0.00,35.25000,6.000000,0.45823480000,"2,291.1740000",0.0000000,0.0000000,2.0000000,2.0000000,10.0000000,1.0000000,0.0000000
43,1.0000000,0.00,24.91667,2.300000,0.08519435000,163.0392000,0.0000000,0.0000000,0.0000000,2.3000000,26.0000000,1.0000000,7.0000000
44,1.0000000,0.00,52.25000,1.874400,0.05520380000,85.9783300,1.0000000,0.0000000,0.0000000,1.8744000,250.0000000,1.0000000,4.0000000
45,1.0000000,0.00,32.00000,3.050000,0.05018590000,127.4725000,0.0000000,0.0000000,0.0000000,3.0500000,62.0000000,0.0000000,10.0000000
46,1.0000000,0.00,23.08333,2.040000,0.17949710000,304.8950000,0.0000000,0.0000000,0.0000000,2.0400000,12.0000000,1.0000000,9.0000000
47,1.0000000,1.00,26.33333,2.950000,0.13258310000,325.8500000,0.0000000,0.0000000,0.0000000,2.9500000,24.0000000,1.0000000,5.0000000
48,1.0000000,0.00,31.50000,1.600000,0.22534560000,300.4608000,0.0000000,0.0000000,0.0000000,1.6000000,6.0000000,1.0000000,8.0000000
49,1.0000000,0.00,28.41667,3.200000,0.01978000000,52.5800000,0.0000000,0.0000000,0.0000000,3.2000000,65.0000000,1.0000000,18.0000000
50,1.0000000,1.00,44.50000,4.000000,0.01795825000,59.1941700,1.0000000,0.0000000,0.0000000,4.0000000,36.0000000,1.0000000,13.0000000
51,0.0000000,,45.41667,2.350000,0.00000000000,0.0000000,0.0000000,0.0000000,0.0000000,2.3500000,36.0000000,1.0000000,15.0000000
52,1.0000000,0.00,27.58333,3.200000,0.11775620000,313.4333000,0.0000000,0.0000000,0.0000000,3.2000000,24.0000000,1.0000000,2.0000000
53,1.0000000,0.00,23.00000,2.900000,0.00041379310,0.0000000,0.0000000,0.0000000,1.0000000,1.4500000,12.0000000,1.0000000,0.0000000
54,0.0000000,,32.41667,2.060000,0.00000000000,0.0000000,0.0000000,0.0000000,0.0000000,2.0600000,48.0000000,1.0000000,8.0000000
55,1.0000000,1.00,25.33333,4.550000,0.04465253000,169.0575000,1.0000000,0.0000000,1.0000000,2.2750000,42.0000000,1.0000000,10.0000000
56,1.0000000,0.00,40.83333,2.600000,0.00423076900,8.3333330,1.0000000,0.0000000,0.0000000,2.6000000,52.0000000,1.0000000,3.0000000
57,0.0000000,,35.25000,1.700000,0.00000000000,0.0000000,1.0000000,0.0000000,3.0000000,0.4250000,135.0000000,0.0000000,25.0000000
58,1.0000000,0.00,29.83333,3.000000,0.01855033000,45.8758300,1.0000000,0.0000000,2.0000000,1.0000000,28.0000000,1.0000000,4.0000000
59,1.0000000,0.00,21.16667,1.500000,0.02655333000,32.7750000,0.0000000,0.0000000,0.0000000,1.5000000,20.0000000,1.0000000,4.0000000
60,1.0000000,0.00,51.33333,4.530000,0.01214680000,45.3541700,1.0000000,0.0000000,4.0000000,0.9060000,126.0000000,0.0000000,5.0000000
61,1.0000000,1.00,21.58333,2.460000,0.14099720000,289.0442000,0.0000000,0.0000000,1.0000000,1.2300000,4.0000000,1.0000000,11.0000000
62,1.0000000,0.00,28.16667,4.700000,0.24215640000,948.3625000,1.0000000,0.0000000,0.0000000,4.7000000,6.0000000,1.0000000,19.0000000
63,1.0000000,1.00,30.33333,1.990000,0.24909150000,412.9933000,0.0000000,0.0000000,0.0000000,1.9900000,82.0000000,1.0000000,8.0000000
64,0.0000000,,41.33333,4.440000,0.00000000000,0.0000000,1.0000000,0.0000000,2.0000000,1.4800000,98.0000000,1.0000000,3.0000000
65,1.0000000,0.00,24.50000,3.060000,0.17054020000,434.8775000,0.0000000,0.0000000,0.0000000,3.0600000,3.0000000,1.0000000,0.0000000
66,1.0000000,0.00,25.41667,1.641700,0.37159590000,508.2908000,0.0000000,0.0000000,0.0000000,1.6417000,19.0000000,1.0000000,9.0000000
67,1.0000000,0.00,20.66667,2.700000,0.06984445000,156.9000000,0.0000000,0.0000000,1.0000000,1.3500000,38.0000000,1.0000000,10.0000000
68,1.0000000,0.00,23.08333,2.560000,0.15024220000,320.5167000,0.0000000,0.0000000,1.0000000,1.2800000,11.0000000,1.0000000,2.0000000
69,1.0000000,0.00,48.16667,2.300000,0.22650000000,434.1250000,1.0000000,0.0000000,0.0000000,2.3000000,72.0000000,0.0000000,2.0000000
70,1.0000000,0.00,23.75000,3.000000,0.01682600000,41.4816700,0.0000000,0.0000000,3.0000000,0.7500000,18.0000000,1.0000000,3.0000000
71,1.0000000,0.00,34.25000,3.000000,0.54099530000,"1,352.4880000",1.0000000,0.0000000,0.0000000,3.0000000,72.0000000,1.0000000,3.0000000
72,1.0000000,0.00,24.25000,2.130000,0.02122066000,37.0833300,0.0000000,0.0000000,1.0000000,1.0650000,13.0000000,1.0000000,4.0000000
73,1.0000000,0.00,31.25000,4.800000,0.10114330000,404.4900000,1.0000000,0.0000000,0.0000000,4.8000000,30.0000000,1.0000000,13.0000000
74,1.0000000,0.00,30.41667,2.000000,0.00480000000,7.0833330,1.0000000,0.0000000,3.0000000,0.5000000,45.0000000,1.0000000,14.0000000
75,1.0000000,0.00,34.25000,2.000000,0.13111200000,218.5200000,1.0000000,0.0000000,0.0000000,2.0000000,12.0000000,1.0000000,0.0000000
76,1.0000000,0.00,42.75000,3.200000,0.10803440000,287.7583000,1.0000000,0.0000000,0.0000000,3.2000000,68.0000000,1.0000000,9.0000000
77,0.0000000,,33.08333,1.939000,0.00000000000,0.0000000,0.0000000,0.0000000,1.0000000,0.9695000,96.0000000,1.0000000,5.0000000
78,1.0000000,0.00,24.25000,2.600000,0.29691850000,643.3233000,0.0000000,0.0000000,1.0000000,1.3000000,10.0000000,1.0000000,11.0000000
79,0.0000000,,53.00000,11.000000,0.00000000000,0.0000000,1.0000000,1.0000000,0.0000000,11.0000000,429.0000000,1.0000000,0.0000000
80,1.0000000,0.00,25.58333,2.800000,0.32525970000,758.9391000,0.0000000,0.0000000,0.0000000,2.8000000,2.0000000,1.0000000,7.0000000
81,1.0000000,0.00,33.91667,2.188800,0.14831960000,270.3683000,0.0000000,0.0000000,0.0000000,2.1888000,15.0000000,1.0000000,7.0000000
82,1.0000000,0.00,52.66667,3.000000,0.03957300000,98.6825000,1.0000000,0.0000000,1.0000000,1.5000000,220.0000000,1.0000000,8.0000000
83,0.0000000,,63.41667,2.137500,0.00000000000,0.0000000,1.0000000,0.0000000,0.0000000,2.1375000,240.0000000,1.0000000,7.0000000
84,0.0000000,,66.50000,3.250000,0.00000000000,0.0000000,1.0000000,0.0000000,3.0000000,0.8125000,300.0000000,1.0000000,13.0000000
85,0.0000000,,33.00000,7.500000,0.00000000000,0.0000000,0.0000000,0.0000000,0.0000000,7.5000000,24.0000000,1.0000000,8.0000000
86,0.0000000,,37.83333,5.160000,0.00000000000,0.0000000,1.0000000,1.0000000,0.0000000,5.1600000,86.0000000,1.0000000,1.0000000
87,1.0000000,0.00,21.41667,1.600000,0.28933120000,385.7750000,0.0000000,0.0000000,0.0000000,1.6000000,192.0000000,1.0000000,3.0000000
88,0.0000000,,19.83333,1.920000,0.00000000000,0.0000000,0.0000000,0.0000000,0.0000000,1.9200000,6.0000000,0.0000000,4.0000000
89,1.0000000,1.00,34.41667,5.000000,0.16406280000,683.4283000,1.0000000,1.0000000,1.0000000,2.5000000,108.0000000,1.0000000,6.0000000
90,1.0000000,0.00,32.33333,4.500000,0.09166333000,343.6542000,0.0000000,0.0000000,0.0000000,4.5000000,48.0000000,1.0000000,4.0000000
91,0.0000000,,21.66667,5.100000,0.00000000000,0.0000000,0.0000000,0.0000000,0.0000000,5.1000000,25.0000000,1.0000000,0.0000000
92,1.0000000,0.00,32.25000,3.620800,0.04983705000,150.2917000,1.0000000,0.0000000,3.0000000,0.9052000,97.0000000,1.0000000,13.0000000
93,1.0000000,0.00,25.16667,3.420000,0.00891520500,24.5750000,0.0000000,0.0000000,0.0000000,3.4200000,3.0000000,1.0000000,0.0000000
94,0.0000000,,26.41667,3.500000,0.00000000000,0.0000000,0.0000000,0.0000000,0.0000000,3.5000000,14.0000000,0.0000000,27.0000000
95,1.0000000,0.00,34.00000,3.700000,0.18933350000,583.7783000,1.0000000,1.0000000,2.0000000,1.2333330,5.0000000,1.0000000,2.0000000
96,1.0000000,0.00,36.75000,3.000000,0.03249700000,80.8258400,1.0000000,0.0000000,3.0000000,0.7500000,134.0000000,0.0000000,4.0000000
97,1.0000000,0.00,43.66667,10.039300,0.02186308000,182.8250000,1.0000000,0.0000000,1.0000000,5.0196500,12.0000000,1.0000000,18.0000000
98,0.0000000,,27.41667,3.600000,0.00000000000,0.0000000,0.0000000,0.0000000,0.0000000,3.6000000,18.0000000,1.0000000,2.0000000
99,1.0000000,0.00,38.25000,2.300000,0.06760870000,129.4167000,1.0000000,0.0000000,0.0000000,2.3000000,3.0000000,1.0000000,3.0000000
100,1.0000000,0.00,30.08333,1.950000,0.18042980000,292.9483000,0.0000000,0.0000000,0.0000000,1.9500000,50.0000000,1.0000000,10.0000000
101,1.0000000,0.00,45.66667,3.224000,0.33384800000,896.9384000,1.0000000,0.0000000,5.0000000,0.5373334,168.0000000,0.0000000,9.0000000
102,1.0000000,0.00,23.75000,1.567800,0.00076540370,0.0000000,1.0000000,0.0000000,1.0000000,0.7839000,6.0000000,1.0000000,0.0000000
103,1.0000000,0.00,32.25000,2.000000,0.07305200000,121.3367000,1.0000000,0.0000000,1.0000000,1.0000000,24.0000000,1.0000000,2.0000000
104,1.0000000,0.00,38.50000,2.600000,0.39616040000,858.3475000,0.0000000,0.0000000,0.0000000,2.6000000,33.0000000,1.0000000,16.0000000
105,1.0000000,0.00,42.08333,5.500000,0.07068036000,323.9517000,0.0000000,0.0000000,0.0000000,5.5000000,98.0000000,1.0000000,4.0000000
106,0.0000000,,80.16666,1.500000,0.00000000000,0.0000000,0.0000000,0.0000000,0.0000000,1.5000000,24.0000000,1.0000000,0.0000000
107,1.0000000,0.00,43.41667,2.400000,0.03435875000,68.3841700,0.0000000,0.0000000,0.0000000,2.4000000,12.0000000,1.0000000,0.0000000
108,1.0000000,0.00,25.50000,2.900000,0.08015586000,193.2933000,0.0000000,0.0000000,0.0000000,2.9000000,2.0000000,1.0000000,0.0000000
109,1.0000000,0.00,31.33333,3.000000,0.02065800000,51.6450000,1.0000000,0.0000000,2.0000000,1.0000000,44.0000000,0.0000000,12.0000000
110,1.0000000,0.00,54.25000,6.800000,0.10057380000,569.9183000,0.0000000,0.0000000,0.0000000,6.8000000,24.0000000,1.0000000,15.0000000
111,1.0000000,0.00,33.75000,2.900000,0.10484100000,253.3658000,1.0000000,0.0000000,2.0000000,0.9666667,14.0000000,1.0000000,20.0000000
112,1.0000000,0.00,26.00000,2.200000,0.06259273000,114.2533000,0.0000000,0.0000000,1.0000000,1.1000000,28.0000000,1.0000000,10.0000000
113,1.0000000,0.00,36.83333,3.300000,0.15680970000,431.1433000,0.0000000,0.0000000,0.0000000,3.3000000,3.0000000,1.0000000,0.0000000
114,1.0000000,1.00,32.50000,10.000000,0.03704000000,308.2500000,1.0000000,0.0000000,3.0000000,2.5000000,35.0000000,1.0000000,4.0000000
115,1.0000000,0.00,52.33333,3.328000,0.02882272000,79.6850000,1.0000000,0.0000000,1.0000000,1.6640000,243.0000000,1.0000000,3.0000000
116,1.0000000,1.00,24.58333,2.800000,0.06297679000,146.8625000,0.0000000,0.0000000,0.0000000,2.8000000,14.0000000,1.0000000,11.0000000
117,1.0000000,0.00,31.41667,3.560000,0.03320618000,98.3450000,0.0000000,0.0000000,0.0000000,3.5600000,72.0000000,1.0000000,9.0000000
118,1.0000000,0.00,25.33333,2.100000,0.19667480000,344.1808000,1.0000000,0.0000000,1.0000000,1.0500000,22.0000000,1.0000000,19.0000000
119,0.0000000,,28.00000,2.236000,0.00000000000,0.0000000,0.0000000,0.0000000,0.0000000,2.2360000,72.0000000,1.0000000,11.0000000
120,0.0000000,,37.50000,2.600000,0.00000000000,0.0000000,0.0000000,0.0000000,0.0000000,2.6000000,40.0000000,1.0000000,14.0000000
121,1.0000000,0.00,23.00000,1.800000,0.11147500000,167.2125000,0.0000000,0.0000000,0.0000000,1.8000000,6.0000000,1.0000000,0.0000000
122,1.0000000,0.00,54.08333,2.500000,0.00912200000,18.2541700,1.0000000,0.0000000,1.0000000,1.2500000,102.0000000,0.0000000,13.0000000
123,1.0000000,0.00,23.41667,1.860000,0.26705210000,413.5975000,0.0000000,0.0000000,0.0000000,1.8600000,3.0000000,1.0000000,4.0000000
124,1.0000000,0.00,22.33333,2.800000,0.08228679000,191.8358000,0.0000000,0.0000000,0.0000000,2.8000000,4.0000000,1.0000000,0.0000000
125,1.0000000,0.00,54.75000,3.400000,0.07603735000,215.4392000,0.0000000,0.0000000,1.0000000,1.7000000,12.0000000,1.0000000,7.0000000
126,0.0000000,,23.08333,2.600000,0.00000000000,0.0000000,0.0000000,1.0000000,0.0000000,2.6000000,37.0000000,1.0000000,7.0000000
127,1.0000000,0.00,24.08333,2.900000,0.04706862000,113.2492000,1.0000000,0.0000000,0.0000000,2.9000000,60.0000000,1.0000000,3.0000000
128,1.0000000,0.00,46.91667,3.400000,0.03101882000,87.6366700,0.0000000,0.0000000,0.0000000,3.4000000,42.0000000,1.0000000,4.0000000
129,0.0000000,,24.25000,2.000000,0.00000000000,0.0000000,0.0000000,0.0000000,0.0000000,2.0000000,52.0000000,0.0000000,3.0000000
130,0.0000000,,34.16667,3.599500,0.00000000000,0.0000000,0.0000000,0.0000000,4.0000000,0.7199000,14.0000000,1.0000000,0.0000000
131,0.0000000,,19.58333,2.100000,0.00000000000,0.0000000,0.0000000,0.0000000,0.0000000,2.1000000,124.0000000,1.0000000,2.0000000
132,1.0000000,0.00,22.66667,2.100000,0.17970900000,314.4908000,0.0000000,0.0000000,0.0000000,2.1000000,12.0000000,0.0000000,4.0000000
133,1.0000000,0.00,27.75000,2.650000,0.07259849000,159.6550000,0.0000000,0.0000000,0.0000000,2.6500000,8.0000000,1.0000000,0.0000000
134,1.0000000,0.00,25.25000,2.100000,0.11022290000,192.6400000,0.0000000,0.0000000,0.0000000,2.1000000,4.0000000,1.0000000,8.0000000
135,1.0000000,0.00,26.25000,3.189400,0.09721233000,258.2908000,0.0000000,0.0000000,0.0000000,3.1894000,10.0000000,1.0000000,11.0000000
136,1.0000000,1.00,40.41667,2.448000,0.20908330000,426.4467000,1.0000000,0.0000000,1.0000000,1.2240000,41.0000000,1.0000000,12.0000000
137,1.0000000,0.00,32.66667,3.700000,0.00406891900,11.7125000,1.0000000,0.0000000,2.0000000,1.2333330,30.0000000,1.0000000,15.0000000
138,1.0000000,0.00,51.83333,3.600000,0.07096500000,212.4783000,1.0000000,0.0000000,1.0000000,1.8000000,125.0000000,1.0000000,13.0000000
139,0.0000000,,32.58333,6.500000,0.00000000000,0.0000000,1.0000000,0.0000000,0.0000000,6.5000000,50.0000000,1.0000000,6.0000000
140,0.0000000,,25.41667,1.700000,0.00000000000,0.0000000,0.0000000,0.0000000,2.0000000,0.5666667,8.0000000,0.0000000,11.0000000
141,1.0000000,0.00,22.00000,3.153200,0.03821515000,99.9166600,0.0000000,0.0000000,0.0000000,3.1532000,14.0000000,0.0000000,3.0000000
142,0.0000000,,42.58333,2.284500,0.00000000000,0.0000000,0.0000000,0.0000000,2.0000000,0.7615000,46.0000000,1.0000000,0.0000000
143,0.0000000,,25.83333,1.590000,0.00000000000,0.0000000,0.0000000,0.0000000,0.0000000,1.5900000,87.0000000,1.0000000,9.0000000
144,0.0000000,,33.00000,1.770000,0.00000000000,0.0000000,0.0000000,0.0000000,0.0000000,1.7700000,102.0000000,1.0000000,1.0000000
145,1.0000000,0.00,23.83333,3.300000,0.06044576000,166.0592000,0.0000000,0.0000000,0.0000000,3.3000000,2.0000000,1.0000000,5.0000000
146,1.0000000,0.00,47.08333,4.500000,0.13950000000,523.1250000,1.0000000,0.0000000,0.0000000,4.5000000,3.0000000,1.0000000,13.0000000
147,1.0000000,0.00,21.41667,1.560000,0.06716603000,87.1491700,0.0000000,0.0000000,0.0000000,1.5600000,24.0000000,0.0000000,5.0000000
148,1.0000000,0.00,18.16667,2.820000,0.04185390000,97.9400000,0.0000000,0.0000000,0.0000000,2.8200000,2.0000000,0.0000000,1.0000000
149,0.0000000,,24.16667,2.788500,0.00000000000,0.0000000,0.0000000,0.0000000,0.0000000,2.7885000,4.0000000,1.0000000,0.0000000
150,1.0000000,0.00,32.16667,3.000000,0.11789030000,294.5592000,1.0000000,0.0000000,2.0000000,1.0000000,9.0000000,1.0000000,0.0000000
151,1.0000000,0.00,38.50000,5.568900,0.04341593000,201.4825000,0.0000000,0.0000000,3.0000000,1.3922250,30.0000000,1.0000000,7.0000000
152,1.0000000,0.00,37.75000,5.000000,0.04529460000,188.7275000,1.0000000,0.0000000,4.0000000,1.0000000,36.0000000,1.0000000,25.0000000
153,1.0000000,1.00,28.50000,3.000000,0.02946900000,73.1725000,0.0000000,0.0000000,0.0000000,3.0000000,51.0000000,1.0000000,5.0000000
154,1.0000000,0.00,25.41667,3.000000,0.01046967000,25.5075000,0.0000000,0.0000000,2.0000000,1.0000000,3.0000000,1.0000000,11.0000000
155,1.0000000,0.00,23.08333,2.950000,0.03642203000,89.3708300,1.0000000,0.0000000,0.0000000,2.9500000,12.0000000,1.0000000,17.0000000
156,1.0000000,0.00,26.91667,1.900000,0.02667368000,41.8166700,0.0000000,0.0000000,0.0000000,1.9000000,18.0000000,1.0000000,9.0000000
157,1.0000000,0.00,39.33333,2.000000,0.04905900000,81.2650000,1.0000000,0.0000000,2.0000000,0.6666666,200.0000000,1.0000000,9.0000000
158,1.0000000,0.00,29.33333,2.500000,0.17954480000,374.0517000,1.0000000,0.0000000,0.0000000,2.5000000,70.0000000,1.0000000,9.0000000
159,1.0000000,0.00,32.83333,2.550000,0.04792941000,101.6833000,0.0000000,0.0000000,2.0000000,0.8500000,6.0000000,1.0000000,18.0000000
160,0.0000000,,31.66667,3.000000,0.00000000000,0.0000000,0.0000000,0.0000000,0.0000000,3.0000000,12.0000000,0.0000000,0.0000000
161,1.0000000,0.00,32.16667,3.805000,0.00843626800,26.0000000,1.0000000,0.0000000,0.0000000,3.8050000,51.0000000,1.0000000,7.0000000
162,1.0000000,1.00,58.91667,2.700000,0.00322222200,6.4166670,1.0000000,0.0000000,0.0000000,2.7000000,252.0000000,1.0000000,8.0000000
163,1.0000000,0.00,49.66667,4.960000,0.10548170000,435.9908000,1.0000000,0.0000000,4.0000000,0.9920000,168.0000000,1.0000000,7.0000000
164,1.0000000,0.00,63.50000,6.453200,0.00018595430,0.0000000,1.0000000,0.0000000,0.0000000,6.4532000,42.0000000,1.0000000,13.0000000
165,1.0000000,0.00,28.50000,3.400000,0.02121324000,59.8541700,0.0000000,0.0000000,0.0000000,3.4000000,207.0000000,1.0000000,4.0000000
166,1.0000000,0.00,35.75000,4.140000,0.13753090000,474.0650000,1.0000000,0.0000000,0.0000000,4.1400000,12.0000000,1.0000000,18.0000000
167,1.0000000,0.00,40.33333,8.200000,0.02820012000,192.4508000,1.0000000,0.0000000,3.0000000,2.0500000,172.0000000,1.0000000,15.0000000
168,1.0000000,0.00,21.91667,2.300000,0.07491956000,143.4292000,1.0000000,0.0000000,2.0000000,0.7666667,24.0000000,1.0000000,10.0000000
169,1.0000000,1.00,39.08333,3.422400,0.02909975000,82.6591600,1.0000000,0.0000000,0.0000000,3.4224000,41.0000000,1.0000000,12.0000000
170,1.0000000,0.00,30.00000,2.500000,0.02104960000,43.4366700,1.0000000,0.0000000,3.0000000,0.6250000,50.0000000,1.0000000,14.0000000
171,0.0000000,,53.16667,2.800000,0.00000000000,0.0000000,0.0000000,0.0000000,1.0000000,1.4000000,156.0000000,0.0000000,11.0000000
172,1.0000000,0.00,49.16667,3.114400,0.00849537600,21.4650000,1.0000000,0.0000000,1.0000000,1.5572000,154.0000000,0.0000000,6.0000000
173,1.0000000,0.00,33.25000,3.000000,0.37619030000,940.3925000,1.0000000,0.0000000,2.0000000,1.0000000,97.0000000,1.0000000,4.0000000
174,0.0000000,,23.58333,2.425000,0.00000000000,0.0000000,0.0000000,1.0000000,2.0000000,0.8083333,132.0000000,1.0000000,1.0000000
175,0.0000000,,38.75000,1.600000,0.00000000000,0.0000000,0.0000000,0.0000000,0.0000000,1.6000000,51.0000000,1.0000000,1.0000000
176,0.0000000,,23.25000,2.250000,0.00000000000,0.0000000,0.0000000,0.0000000,3.0000000,0.5625000,12.0000000,1.0000000,0.0000000
177,1.0000000,0.00,40.75000,2.150000,0.12703350000,227.6017000,0.0000000,0.0000000,1.0000000,1.0750000,67.0000000,0.0000000,16.0000000
178,0.0000000,,56.91667,2.040000,0.00000000000,0.0000000,1.0000000,0.0000000,0.0000000,2.0400000,35.0000000,1.0000000,11.0000000
179,0.0000000,,46.16667,2.600000,0.00000000000,0.0000000,0.0000000,0.0000000,0.0000000,2.6000000,61.0000000,1.0000000,8.0000000
180,1.0000000,0.00,37.66667,7.000000,0.01116743000,64.5600000,1.0000000,0.0000000,3.0000000,1.7500000,96.0000000,1.0000000,5.0000000
181,1.0000000,1.00,35.83333,2.400000,0.02359458000,46.6058300,0.0000000,1.0000000,1.0000000,1.2000000,37.0000000,1.0000000,13.0000000
182,1.0000000,1.00,20.58333,2.700000,0.11830700000,266.1908000,0.0000000,0.0000000,0.0000000,2.7000000,147.0000000,1.0000000,22.0000000
183,1.0000000,0.00,20.66667,1.700000,0.07420824000,105.0450000,0.0000000,0.0000000,0.0000000,1.7000000,6.0000000,1.0000000,4.0000000
184,1.0000000,0.00,36.58333,5.700000,0.11974190000,568.7742000,1.0000000,0.0000000,1.0000000,2.8500000,36.0000000,1.0000000,16.0000000
185,0.0000000,,25.16667,1.875000,0.00000000000,0.0000000,0.0000000,0.0000000,2.0000000,0.6250000,7.0000000,0.0000000,2.0000000
186,1.0000000,0.00,23.00000,3.178200,0.09312976000,246.5708000,0.0000000,0.0000000,0.0000000,3.1782000,17.0000000,1.0000000,3.0000000
187,1.0000000,0.00,28.91667,2.100000,0.00928571400,15.5833300,0.0000000,0.0000000,0.0000000,2.1000000,28.0000000,1.0000000,5.0000000
188,1.0000000,0.00,24.83333,6.200000,0.17061560000,881.2642000,0.0000000,0.0000000,0.0000000,6.2000000,12.0000000,1.0000000,7.0000000
189,1.0000000,0.00,24.50000,2.500000,0.23399120000,487.4817000,0.0000000,0.0000000,0.0000000,2.5000000,15.0000000,0.0000000,1.0000000
190,1.0000000,0.00,25.25000,3.200000,0.04542718000,121.0558000,0.0000000,0.0000000,0.0000000,3.2000000,4.0000000,1.0000000,6.0000000
191,0.0000000,,30.83333,2.500000,0.00000000000,0.0000000,0.0000000,0.0000000,0.0000000,2.5000000,18.0000000,1.0000000,6.0000000
192,1.0000000,0.00,20.91667,4.000000,0.04212900000,140.3467000,1.0000000,0.0000000,0.0000000,4.0000000,24.0000000,1.0000000,4.0000000
193,1.0000000,0.00,24.33333,3.900000,0.09410384000,305.8375000,0.0000000,0.0000000,2.0000000,1.3000000,27.0000000,1.0000000,0.0000000
194,1.0000000,0.00,20.83333,1.920000,0.13005210000,208.0833000,0.0000000,0.0000000,0.0000000,1.9200000,84.0000000,1.0000000,6.0000000
195,0.0000000,,27.91667,2.850000,0.00000000000,0.0000000,0.0000000,0.0000000,0.0000000,2.8500000,60.0000000,0.0000000,7.0000000
196,1.0000000,0.00,25.16667,1.800000,0.09530056000,142.9508000,0.0000000,0.0000000,0.0000000,1.8000000,24.0000000,0.0000000,4.0000000
197,1.0000000,0.00,24.50000,2.600000,0.06905923000,149.5450000,0.0000000,1.0000000,0.0000000,2.6000000,21.0000000,1.0000000,2.0000000
198,1.0000000,0.00,47.33333,2.749500,0.21484160000,492.2558000,0.0000000,0.0000000,0.0000000,2.7495000,156.0000000,0.0000000,11.0000000
199,1.0000000,0.00,38.58333,2.600000,0.07939731000,171.8608000,1.0000000,0.0000000,0.0000000,2.6000000,51.0000000,1.0000000,9.0000000
200,1.0000000,0.00,24.91667,2.400000,0.23063000000,461.2600000,0.0000000,0.0000000,1.0000000,1.2000000,164.0000000,0.0000000,1.0000000
201,1.0000000,0.00,29.58333,1.950000,0.00456410300,6.5000000,1.0000000,0.0000000,2.0000000,0.6500000,96.0000000,1.0000000,2.0000000
202,1.0000000,0.00,24.50000,2.304000,0.37474260000,719.5059000,0.0000000,0.0000000,0.0000000,2.3040000,76.0000000,1.0000000,2.0000000
203,0.0000000,,35.83333,8.400000,0.00000000000,0.0000000,0.0000000,0.0000000,2.0000000,2.8000000,69.0000000,1.0000000,12.0000000
204,1.0000000,0.00,46.75000,2.800000,0.00042857140,0.0000000,1.0000000,0.0000000,1.0000000,1.4000000,84.0000000,1.0000000,2.0000000
205,1.0000000,0.00,33.08333,4.500000,0.10437800000,391.4175000,0.0000000,0.0000000,1.0000000,2.2500000,36.0000000,1.0000000,2.0000000
206,1.0000000,0.00,34.58333,3.260400,0.02910716000,78.7508300,0.0000000,0.0000000,1.0000000,1.6302000,31.0000000,1.0000000,6.0000000
207,1.0000000,1.00,42.00000,3.836000,0.10393300000,332.2392000,1.0000000,0.0000000,3.0000000,0.9590000,14.0000000,1.0000000,14.0000000
208,0.0000000,,28.16667,1.548000,0.00000000000,0.0000000,0.0000000,0.0000000,3.0000000,0.3870000,5.0000000,0.0000000,1.0000000
209,0.0000000,,31.66667,7.500000,0.00000000000,0.0000000,0.0000000,0.0000000,0.0000000,7.5000000,30.0000000,1.0000000,7.0000000
210,0.0000000,,23.16667,1.621300,0.00000000000,0.0000000,0.0000000,0.0000000,1.0000000,0.8106500,144.0000000,0.0000000,4.0000000
211,1.0000000,0.00,29.83333,2.250000,0.10682400000,199.7950000,0.0000000,0.0000000,0.0000000,2.2500000,36.0000000,1.0000000,0.0000000
212,1.0000000,0.00,30.08333,3.670000,0.00179836500,4.5833330,1.0000000,0.0000000,0.0000000,3.6700000,57.0000000,1.0000000,3.0000000
213,1.0000000,0.00,31.25000,5.500000,0.07086290000,324.7050000,1.0000000,0.0000000,3.0000000,1.3750000,6.0000000,1.0000000,7.0000000
214,0.0000000,,39.33333,3.200000,0.00000000000,0.0000000,0.0000000,0.0000000,0.0000000,3.2000000,88.0000000,1.0000000,7.0000000
215,0.0000000,,33.16667,2.320400,0.00000000000,0.0000000,0.0000000,0.0000000,0.0000000,2.3204000,62.0000000,0.0000000,3.0000000
216,1.0000000,0.00,31.91667,4.070000,0.06885749000,233.0417000,0.0000000,0.0000000,0.0000000,4.0700000,12.0000000,1.0000000,14.0000000
217,1.0000000,0.00,28.25000,2.300000,0.16449650000,315.2017000,1.0000000,0.0000000,1.0000000,1.1500000,13.0000000,0.0000000,4.0000000
218,1.0000000,0.00,24.83333,2.480000,0.13135520000,271.4675000,0.0000000,0.0000000,0.0000000,2.4800000,18.0000000,1.0000000,0.0000000
219,0.0000000,,23.83333,7.880000,0.00000000000,0.0000000,0.0000000,1.0000000,4.0000000,1.5760000,6.0000000,1.0000000,9.0000000
220,1.0000000,0.00,57.58333,4.100000,0.08389854000,286.5700000,1.0000000,0.0000000,3.0000000,1.0250000,121.0000000,1.0000000,15.0000000
221,0.0000000,,23.91667,1.200000,0.00000000000,0.0000000,0.0000000,0.0000000,0.0000000,1.2000000,15.0000000,0.0000000,0.0000000
222,1.0000000,0.00,22.58333,2.250000,0.01111111000,20.0833300,0.0000000,0.0000000,0.0000000,2.2500000,12.0000000,1.0000000,4.0000000
223,0.0000000,,29.33333,3.500000,0.00000000000,0.0000000,0.0000000,0.0000000,6.0000000,0.5000000,0.0000000,1.0000000,2.0000000
224,1.0000000,0.00,27.25000,2.900000,0.03821552000,91.6875000,0.0000000,0.0000000,0.0000000,2.9000000,9.0000000,0.0000000,3.0000000
225,1.0000000,0.00,45.16667,3.500000,0.13624000000,397.0333000,1.0000000,0.0000000,0.0000000,3.5000000,234.0000000,0.0000000,2.0000000
226,1.0000000,0.00,23.16667,2.600000,0.82455080000,"1,786.2770000",0.0000000,0.0000000,0.0000000,2.6000000,4.0000000,1.0000000,0.0000000
227,1.0000000,0.00,22.91667,2.500000,0.23952480000,498.9267000,0.0000000,0.0000000,0.0000000,2.5000000,2.0000000,1.0000000,0.0000000
228,1.0000000,0.00,31.75000,3.500000,0.01055514000,30.3691700,1.0000000,0.0000000,1.0000000,1.7500000,36.0000000,1.0000000,5.0000000
229,1.0000000,1.00,55.58333,4.300000,0.03501814000,125.4817000,1.0000000,0.0000000,0.0000000,4.3000000,6.0000000,1.0000000,31.0000000
230,1.0000000,0.00,21.91667,2.259300,0.06498916000,122.1917000,1.0000000,0.0000000,0.0000000,2.2593000,6.0000000,1.0000000,0.0000000
231,1.0000000,0.00,25.16667,3.250000,0.03124000000,84.2750000,0.0000000,0.0000000,0.0000000,3.2500000,6.0000000,1.0000000,17.0000000
232,1.0000000,0.00,23.41667,2.745600,0.00240384600,4.5833330,0.0000000,0.0000000,0.0000000,2.7456000,7.0000000,1.0000000,9.0000000
233,0.0000000,,54.83333,9.400000,0.00000000000,0.0000000,1.0000000,0.0000000,1.0000000,4.7000000,94.0000000,0.0000000,2.0000000
234,1.0000000,0.00,40.00000,4.500000,0.09576601000,359.1225000,0.0000000,0.0000000,5.0000000,0.7500000,2.0000000,1.0000000,0.0000000
235,0.0000000,,36.58333,2.220000,0.00000000000,0.0000000,1.0000000,0.0000000,2.0000000,0.7400000,4.0000000,1.0000000,0.0000000
236,1.0000000,0.00,31.41667,3.000000,0.06917133000,172.5717000,1.0000000,0.0000000,1.0000000,1.5000000,24.0000000,1.0000000,13.0000000
237,0.0000000,,37.58333,4.475000,0.00000000000,0.0000000,0.0000000,0.0000000,2.0000000,1.4916670,60.0000000,1.0000000,15.0000000
238,0.0000000,,30.66667,3.000000,0.00000000000,0.0000000,1.0000000,0.0000000,1.0000000,1.5000000,28.0000000,1.0000000,6.0000000
239,0.0000000,,25.91667,2.600000,0.00000000000,0.0000000,0.0000000,0.0000000,3.0000000,0.6500000,36.0000000,1.0000000,11.0000000
240,1.0000000,0.00,37.08333,7.000000,0.15401590000,898.4258000,1.0000000,0.0000000,3.0000000,1.7500000,24.0000000,1.0000000,8.0000000
241,1.0000000,1.00,28.16667,2.000000,0.05183900000,86.1483300,0.0000000,0.0000000,1.0000000,1.0000000,61.0000000,1.0000000,2.0000000
242,0.0000000,,21.08333,9.999900,0.00000000000,0.0000000,0.0000000,0.0000000,2.0000000,3.3333000,8.0000000,0.0000000,0.0000000
243,1.0000000,0.00,38.41667,2.350000,0.06853744000,133.9692000,0.0000000,0.0000000,1.0000000,1.1750000,72.0000000,1.0000000,8.0000000
244,1.0000000,0.00,46.16667,2.580000,0.07673334000,164.6433000,1.0000000,0.0000000,2.0000000,0.8600000,120.0000000,0.0000000,15.0000000
245,1.0000000,0.00,21.00000,2.466300,0.26893280000,552.7242000,1.0000000,0.0000000,1.0000000,1.2331500,12.0000000,1.0000000,10.0000000
246,1.0000000,0.00,46.25000,8.940000,0.02528568000,188.2950000,1.0000000,0.0000000,0.0000000,8.9400000,96.0000000,1.0000000,17.0000000
247,1.0000000,1.00,35.75000,4.000000,0.05119225000,170.6408000,0.0000000,0.0000000,2.0000000,1.3333330,18.0000000,1.0000000,22.0000000
248,1.0000000,0.00,21.83333,2.027200,0.02532014000,42.6908300,0.0000000,0.0000000,0.0000000,2.0272000,9.0000000,0.0000000,5.0000000
249,1.0000000,0.00,37.41667,2.500000,0.07264160000,151.3367000,0.0000000,0.0000000,0.0000000,2.5000000,15.0000000,1.0000000,2.0000000
250,1.0000000,0.00,24.33333,3.000000,0.00279166700,6.1458330,1.0000000,0.0000000,2.0000000,1.0000000,18.0000000,1.0000000,6.0000000
251,1.0000000,0.00,38.50000,3.261800,0.00294316000,7.0833330,0.0000000,0.0000000,4.0000000,0.6523600,18.0000000,1.0000000,0.0000000
252,0.0000000,,35.00000,4.550000,0.00000000000,0.0000000,1.0000000,0.0000000,3.0000000,1.1375000,36.0000000,1.0000000,15.0000000
253,1.0000000,0.00,23.66667,2.300000,0.00778173900,14.3316700,0.0000000,0.0000000,2.0000000,0.7666667,14.0000000,0.0000000,0.0000000
254,1.0000000,0.00,36.00000,3.700000,0.03311243000,101.7633000,1.0000000,0.0000000,2.0000000,1.2333330,6.0000000,0.0000000,18.0000000
255,0.0000000,,29.00000,2.700000,0.00000000000,0.0000000,0.0000000,0.0000000,1.0000000,1.3500000,347.0000000,0.0000000,1.0000000
256,1.0000000,1.00,36.50000,1.680000,0.13814700000,193.3225000,1.0000000,0.0000000,0.0000000,1.6800000,44.0000000,1.0000000,12.0000000
257,1.0000000,0.00,22.33333,2.000000,0.16496800000,274.9467000,0.0000000,0.0000000,0.0000000,2.0000000,13.0000000,1.0000000,7.0000000
258,1.0000000,0.00,26.08333,2.750000,0.18356250000,420.5808000,1.0000000,0.0000000,1.0000000,1.3750000,6.0000000,1.0000000,11.0000000
259,1.0000000,0.00,46.50000,5.000000,0.02724000000,112.9167000,1.0000000,0.0000000,1.0000000,2.5000000,7.0000000,1.0000000,7.0000000
260,1.0000000,0.00,28.16667,2.800000,0.09628500000,224.5817000,0.0000000,0.0000000,0.0000000,2.8000000,5.0000000,0.0000000,1.0000000
261,1.0000000,0.00,28.08333,2.160000,0.02572685000,46.1416700,0.0000000,0.0000000,2.0000000,0.7200000,7.0000000,1.0000000,0.0000000
262,1.0000000,0.00,27.83333,3.040000,0.03792664000,95.9975000,0.0000000,0.0000000,0.0000000,3.0400000,13.0000000,1.0000000,0.0000000
263,1.0000000,0.00,32.58333,10.000000,0.09980781000,831.7317000,1.0000000,0.0000000,3.0000000,2.5000000,7.0000000,1.0000000,28.0000000
264,1.0000000,0.00,26.08333,1.560000,0.06123782000,79.6091700,0.0000000,0.0000000,2.0000000,0.5200000,13.0000000,1.0000000,13.0000000
265,1.0000000,0.00,30.58333,3.500000,0.03930543000,114.5575000,0.0000000,0.0000000,5.0000000,0.5833334,57.0000000,1.0000000,9.0000000
266,1.0000000,0.00,30.50000,2.540000,0.06521378000,137.8692000,0.0000000,0.0000000,0.0000000,2.5400000,25.0000000,1.0000000,7.0000000
267,1.0000000,0.00,40.75000,7.240000,0.03904502000,235.5717000,1.0000000,0.0000000,2.0000000,2.4133330,177.0000000,1.0000000,13.0000000
268,1.0000000,0.00,65.91666,2.950000,0.04856136000,118.7133000,1.0000000,0.0000000,1.0000000,1.4750000,230.0000000,1.0000000,19.0000000
269,1.0000000,0.00,25.91667,2.500000,0.02125000000,44.0208300,0.0000000,0.0000000,0.0000000,2.5000000,25.0000000,1.0000000,10.0000000
270,1.0000000,0.00,22.75000,1.820000,0.54185990000,821.8208000,0.0000000,0.0000000,0.0000000,1.8200000,93.0000000,1.0000000,2.0000000
271,1.0000000,0.00,23.16667,2.500000,0.22982200000,478.7125000,1.0000000,0.0000000,0.0000000,2.5000000,12.0000000,1.0000000,4.0000000
272,1.0000000,0.00,46.00000,1.800000,0.03350000000,49.4166700,0.0000000,0.0000000,1.0000000,0.9000000,168.0000000,1.0000000,2.0000000
273,1.0000000,0.00,35.16667,4.815000,0.04295223000,171.5125000,1.0000000,0.0000000,2.0000000,1.6050000,48.0000000,1.0000000,18.0000000
274,1.0000000,1.00,42.75000,3.600000,0.03806583000,113.9475000,1.0000000,0.0000000,2.0000000,1.2000000,60.0000000,1.0000000,22.0000000
275,0.0000000,,44.58333,2.500000,0.00000000000,0.0000000,1.0000000,0.0000000,2.0000000,0.8333333,62.0000000,1.0000000,18.0000000
276,0.0000000,,24.16667,1.500000,0.00000000000,0.0000000,0.0000000,0.0000000,0.0000000,1.5000000,18.0000000,1.0000000,0.0000000
277,1.0000000,0.00,23.41667,2.040000,0.12005150000,204.0875000,1.0000000,0.0000000,0.0000000,2.0400000,7.0000000,1.0000000,12.0000000
278,1.0000000,0.00,28.66667,2.950000,0.09361254000,229.7975000,0.0000000,0.0000000,0.0000000,2.9500000,26.0000000,1.0000000,4.0000000
279,1.0000000,0.00,38.75000,2.846300,0.00702666600,15.8333300,1.0000000,0.0000000,1.0000000,1.4231500,120.0000000,1.0000000,16.0000000
280,1.0000000,0.00,25.41667,2.450000,0.09007061000,183.5608000,0.0000000,0.0000000,0.0000000,2.4500000,48.0000000,1.0000000,6.0000000
281,0.0000000,,32.75000,4.000000,0.00000000000,0.0000000,0.0000000,0.0000000,2.0000000,1.3333330,25.0000000,1.0000000,0.0000000
282,1.0000000,0.00,37.33333,2.725000,0.05719193000,129.3733000,0.0000000,0.0000000,2.0000000,0.9083333,13.0000000,1.0000000,14.0000000
283,1.0000000,0.00,20.00000,2.790000,0.02268351000,52.4891700,0.0000000,0.0000000,0.0000000,2.7900000,86.0000000,1.0000000,5.0000000
284,1.0000000,0.00,41.41667,3.200000,0.01023563000,26.8783300,0.0000000,0.0000000,1.0000000,1.6000000,16.0000000,1.0000000,2.0000000
285,0.0000000,,37.75000,3.262800,0.00000000000,0.0000000,0.0000000,0.0000000,1.0000000,1.6314000,98.0000000,0.0000000,1.0000000
286,1.0000000,0.00,42.66667,6.200000,0.00614516100,31.0000000,1.0000000,0.0000000,2.0000000,2.0666670,132.0000000,1.0000000,14.0000000
287,1.0000000,0.00,18.41667,1.968000,0.00645528500,9.7533330,0.0000000,0.0000000,0.0000000,1.9680000,114.0000000,0.0000000,2.0000000
288,1.0000000,0.00,28.50000,3.000000,0.07104634000,177.6158000,1.0000000,0.0000000,0.0000000,3.0000000,20.0000000,1.0000000,0.0000000
289,1.0000000,0.00,34.66667,5.000000,0.01407940000,58.0808300,1.0000000,0.0000000,4.0000000,1.0000000,6.0000000,1.0000000,0.0000000
290,0.0000000,,25.25000,3.300000,0.00000000000,0.0000000,1.0000000,0.0000000,1.0000000,1.6500000,75.0000000,1.0000000,23.0000000
291,1.0000000,0.00,19.66667,2.234800,0.04474897000,82.9208400,0.0000000,0.0000000,0.0000000,2.2348000,133.0000000,0.0000000,5.0000000
292,1.0000000,0.00,30.50000,3.950000,0.07802456000,256.6642000,1.0000000,0.0000000,1.0000000,1.9750000,24.0000000,1.0000000,20.0000000
293,0.0000000,,38.50000,3.700000,0.00000000000,0.0000000,0.0000000,0.0000000,2.0000000,1.2333330,24.0000000,1.0000000,11.0000000
294,1.0000000,0.00,24.83333,2.100000,0.13756240000,240.4842000,0.0000000,0.0000000,1.0000000,1.0500000,24.0000000,1.0000000,5.0000000
295,0.0000000,,23.66667,2.304000,0.00000000000,0.0000000,0.0000000,0.0000000,1.0000000,1.1520000,12.0000000,1.0000000,0.0000000
296,1.0000000,0.00,22.91667,4.800000,0.05806896000,232.2758000,0.0000000,0.0000000,2.0000000,1.6000000,2.0000000,1.0000000,4.0000000
297,1.0000000,0.00,38.33333,3.000000,0.22736400000,568.2433000,1.0000000,0.0000000,0.0000000,3.0000000,46.0000000,1.0000000,2.0000000
298,1.0000000,0.00,25.91667,3.000000,0.06189600000,154.7400000,1.0000000,0.0000000,0.0000000,3.0000000,40.0000000,1.0000000,16.0000000
299,1.0000000,1.00,41.83333,7.119500,0.09599761000,569.5458000,1.0000000,0.0000000,3.0000000,1.7798750,96.0000000,1.0000000,6.0000000
300,1.0000000,0.00,27.58333,3.900000,0.04137513000,134.3858000,1.0000000,0.0000000,3.0000000,0.9750000,12.0000000,1.0000000,6.0000000
301,1.0000000,0.00,26.41667,3.900000,0.01446872000,46.5233300,0.0000000,0.0000000,0.0000000,3.9000000,30.0000000,1.0000000,13.0000000
302,0.0000000,,20.75000,1.950000,0.00000000000,0.0000000,0.0000000,0.0000000,0.0000000,1.9500000,14.0000000,0.0000000,1.0000000
303,0.0000000,,44.66667,1.800000,0.00000000000,0.0000000,0.0000000,0.0000000,2.0000000,0.6000000,33.0000000,0.0000000,0.0000000
304,1.0000000,1.00,34.83333,6.500000,0.14074680000,762.3784000,1.0000000,0.0000000,0.0000000,6.5000000,12.0000000,1.0000000,13.0000000
305,1.0000000,0.00,27.25000,3.150000,0.06493969000,170.4667000,1.0000000,0.0000000,2.0000000,1.0500000,24.0000000,1.0000000,9.0000000
306,1.0000000,0.00,38.83333,3.300000,0.02411576000,65.8183400,1.0000000,0.0000000,3.0000000,0.8250000,188.0000000,1.0000000,19.0000000
307,1.0000000,0.00,31.25000,5.696500,0.00812340900,38.0625000,1.0000000,1.0000000,2.0000000,1.8988330,84.0000000,0.0000000,26.0000000
308,0.0000000,,27.08333,2.000000,0.00000000000,0.0000000,0.0000000,0.0000000,0.0000000,2.0000000,24.0000000,1.0000000,4.0000000
309,1.0000000,0.00,54.75000,5.480000,0.13420370000,612.8633000,1.0000000,0.0000000,1.0000000,2.7400000,146.0000000,1.0000000,4.0000000
310,0.0000000,,33.75000,4.100000,0.00000000000,0.0000000,1.0000000,0.0000000,2.0000000,1.3666670,22.0000000,1.0000000,15.0000000
311,0.0000000,,30.58333,2.500000,0.00000000000,0.0000000,0.0000000,0.0000000,0.0000000,2.5000000,12.0000000,1.0000000,18.0000000
312,1.0000000,0.00,31.16667,3.500000,0.16564940000,483.0608000,0.0000000,0.0000000,1.0000000,1.7500000,14.0000000,0.0000000,0.0000000
313,1.0000000,0.00,26.58333,2.350000,0.06488553000,126.6508000,0.0000000,0.0000000,1.0000000,1.1750000,26.0000000,1.0000000,2.0000000
314,0.0000000,,53.33333,4.900000,0.00000000000,0.0000000,1.0000000,1.0000000,0.0000000,4.9000000,108.0000000,0.0000000,1.0000000
315,1.0000000,0.00,50.00000,4.500000,0.09626533000,360.9950000,1.0000000,0.0000000,2.0000000,1.5000000,301.0000000,1.0000000,11.0000000
316,1.0000000,0.00,24.25000,4.000000,0.10769170000,358.9725000,0.0000000,0.0000000,0.0000000,4.0000000,7.0000000,1.0000000,10.0000000
317,1.0000000,0.00,39.66667,3.000000,0.02240434000,55.7608300,1.0000000,1.0000000,1.0000000,1.5000000,132.0000000,1.0000000,22.0000000
318,0.0000000,,27.50000,2.000000,0.00000000000,0.0000000,0.0000000,0.0000000,0.0000000,2.0000000,48.0000000,1.0000000,0.0000000
319,1.0000000,0.00,24.58333,1.500000,0.01972267000,24.0700000,0.0000000,0.0000000,0.0000000,1.5000000,28.0000000,1.0000000,5.0000000
320,1.0000000,1.00,38.83333,2.520000,0.08646706000,181.4142000,1.0000000,0.0000000,0.0000000,2.5200000,138.0000000,1.0000000,8.0000000
321,1.0000000,0.00,61.58333,3.750000,0.00032000000,0.0000000,1.0000000,0.0000000,0.0000000,3.7500000,288.0000000,1.0000000,5.0000000
322,1.0000000,0.00,38.83333,6.500000,0.28978660000,"1,569.6770000",1.0000000,0.0000000,4.0000000,1.3000000,117.0000000,1.0000000,18.0000000
323,0.0000000,,41.58333,4.600000,0.00000000000,0.0000000,0.0000000,0.0000000,0.0000000,4.6000000,57.0000000,1.0000000,3.0000000
324,1.0000000,0.00,54.50000,4.300000,0.17639460000,632.0808000,1.0000000,0.0000000,1.0000000,2.1500000,120.0000000,1.0000000,6.0000000
325,1.0000000,0.00,36.91667,2.200000,0.08092181000,148.1900000,0.0000000,0.0000000,1.0000000,1.1000000,8.0000000,1.0000000,4.0000000
326,1.0000000,0.00,21.25000,3.000000,0.03097600000,77.3566700,0.0000000,0.0000000,2.0000000,1.0000000,18.0000000,0.0000000,2.0000000
327,1.0000000,0.00,25.00000,2.400000,0.03158750000,62.5083300,0.0000000,0.0000000,0.0000000,2.4000000,192.0000000,1.0000000,9.0000000
328,1.0000000,0.00,24.66667,2.067600,0.20711840000,356.7817000,0.0000000,0.0000000,0.0000000,2.0676000,4.0000000,1.0000000,17.0000000
329,0.0000000,,34.58333,3.400000,0.00000000000,0.0000000,0.0000000,0.0000000,0.0000000,3.4000000,12.0000000,1.0000000,0.0000000
330,0.0000000,,42.41667,1.800000,0.00000000000,0.0000000,0.0000000,0.0000000,2.0000000,0.6000000,48.0000000,1.0000000,10.0000000
331,1.0000000,0.00,32.66667,3.600000,0.00183333300,4.5833330,0.0000000,0.0000000,0.0000000,3.6000000,25.0000000,1.0000000,2.0000000
332,1.0000000,0.00,44.58333,4.200000,0.03867167000,135.1842000,1.0000000,0.0000000,2.0000000,1.4000000,150.0000000,0.0000000,2.0000000
333,1.0000000,0.00,30.25000,2.150000,0.03192233000,56.6941700,0.0000000,0.0000000,0.0000000,2.1500000,12.0000000,1.0000000,4.0000000
334,0.0000000,,0.75000,3.000000,0.00000000000,0.0000000,0.0000000,0.0000000,0.0000000,3.0000000,18.0000000,0.0000000,2.0000000
335,1.0000000,0.00,47.83333,4.680000,0.03474402000,134.9183000,1.0000000,0.0000000,1.0000000,2.3400000,210.0000000,1.0000000,6.0000000
336,1.0000000,0.00,28.66667,4.220000,0.08559075000,300.9942000,1.0000000,0.0000000,1.0000000,2.1100000,22.0000000,1.0000000,3.0000000
337,1.0000000,0.00,40.66667,2.724600,0.19661530000,446.4150000,0.0000000,0.0000000,2.0000000,0.9082000,36.0000000,1.0000000,14.0000000
338,1.0000000,0.00,31.50000,2.850000,0.31370030000,745.0383000,1.0000000,0.0000000,2.0000000,0.9500000,30.0000000,1.0000000,11.0000000
339,1.0000000,0.00,40.33333,9.999900,0.01560016000,129.3333000,1.0000000,0.0000000,4.0000000,1.9999800,72.0000000,1.0000000,21.0000000
340,1.0000000,0.00,32.00000,2.280000,0.06735965000,127.9833000,1.0000000,0.0000000,0.0000000,2.2800000,48.0000000,0.0000000,15.0000000
341,1.0000000,0.00,19.41667,1.800000,0.08415000000,125.8917000,0.0000000,0.0000000,0.0000000,1.8000000,3.0000000,1.0000000,0.0000000
342,1.0000000,0.00,28.16667,2.400000,0.11376750000,227.3683000,0.0000000,0.0000000,0.0000000,2.4000000,1.0000000,1.0000000,29.0000000
343,1.0000000,0.00,27.83333,3.000000,0.16080530000,401.9300000,0.0000000,0.0000000,1.0000000,1.5000000,24.0000000,1.0000000,2.0000000
344,1.0000000,0.00,23.83333,2.600000,0.15397460000,333.6117000,0.0000000,0.0000000,0.0000000,2.6000000,6.0000000,1.0000000,0.0000000
345,1.0000000,0.00,25.66667,2.100000,0.18692000000,327.1100000,0.0000000,0.0000000,0.0000000,2.1000000,15.0000000,1.0000000,6.0000000
346,1.0000000,0.00,21.83333,2.400000,0.08191958000,163.8392000,0.0000000,0.0000000,0.0000000,2.4000000,105.0000000,0.0000000,1.0000000
347,1.0000000,1.00,25.41667,3.600000,0.07804389000,234.0483000,0.0000000,0.0000000,2.0000000,1.2000000,12.0000000,1.0000000,4.0000000
348,1.0000000,0.00,26.83333,2.900000,0.00687206900,15.9408300,1.0000000,1.0000000,1.0000000,1.4500000,26.0000000,1.0000000,3.0000000
349,0.0000000,,37.00000,3.200000,0.00000000000,0.0000000,0.0000000,0.0000000,0.0000000,3.2000000,14.0000000,1.0000000,0.0000000
350,1.0000000,0.00,21.41667,1.750000,0.02445829000,35.1683300,1.0000000,0.0000000,0.0000000,1.7500000,131.0000000,1.0000000,3.0000000
351,1.0000000,1.00,39.75000,7.000000,0.10995800000,641.4216000,1.0000000,0.0000000,2.0000000,2.3333330,30.0000000,0.0000000,22.0000000
352,1.0000000,1.00,40.50000,2.250000,0.02382222000,44.0000000,0.0000000,0.0000000,0.0000000,2.2500000,86.0000000,1.0000000,10.0000000
353,1.0000000,0.00,41.91667,3.000000,0.09560900000,238.8558000,1.0000000,0.0000000,3.0000000,0.7500000,120.0000000,0.0000000,0.0000000
354,1.0000000,0.00,45.25000,3.700000,0.13843220000,426.8325000,0.0000000,0.0000000,0.0000000,3.7000000,24.0000000,1.0000000,2.0000000
355,1.0000000,1.00,21.91667,3.000000,0.00470166700,11.0041700,0.0000000,0.0000000,1.0000000,1.5000000,18.0000000,0.0000000,7.0000000
356,1.0000000,1.00,50.00000,4.300000,0.03620279000,129.3933000,1.0000000,1.0000000,1.0000000,2.1500000,264.0000000,1.0000000,15.0000000
357,1.0000000,0.00,26.66667,2.200000,0.05026682000,91.9891700,0.0000000,0.0000000,0.0000000,2.2000000,42.0000000,1.0000000,8.0000000
358,1.0000000,0.00,34.16667,4.300000,0.02493860000,88.9466700,0.0000000,0.0000000,1.0000000,2.1500000,12.0000000,1.0000000,2.0000000
359,1.0000000,0.00,22.75000,4.300000,0.15781280000,565.3292000,0.0000000,0.0000000,0.0000000,4.3000000,12.0000000,1.0000000,11.0000000
360,0.0000000,,40.91667,1.840000,0.00000000000,0.0000000,0.0000000,1.0000000,2.0000000,0.6133333,18.0000000,1.0000000,0.0000000
361,1.0000000,0.00,31.83333,3.100000,0.13047420000,337.0583000,0.0000000,0.0000000,1.0000000,1.5500000,52.0000000,1.0000000,3.0000000
362,1.0000000,0.00,33.66667,2.100000,0.04490810000,78.2558400,0.0000000,0.0000000,4.0000000,0.4200000,12.0000000,1.0000000,0.0000000
363,1.0000000,0.00,23.25000,2.320000,0.11660470000,225.2692000,0.0000000,0.0000000,0.0000000,2.3200000,3.0000000,1.0000000,8.0000000
364,1.0000000,0.00,22.00000,3.300000,0.03947758000,108.3967000,0.0000000,0.0000000,0.0000000,3.3000000,6.0000000,1.0000000,8.0000000
365,0.0000000,,62.91667,2.550000,0.00000000000,0.0000000,0.0000000,0.0000000,2.0000000,0.8500000,20.0000000,0.0000000,13.0000000
366,1.0000000,0.00,35.83333,2.500000,0.07914880000,164.8100000,1.0000000,0.0000000,1.0000000,1.2500000,42.0000000,0.0000000,11.0000000
367,0.0000000,,33.75000,1.800000,0.00000000000,0.0000000,1.0000000,0.0000000,2.0000000,0.6000000,11.0000000,1.0000000,13.0000000
368,1.0000000,0.00,33.75000,2.500000,0.07751760000,161.1617000,1.0000000,0.0000000,1.0000000,1.2500000,30.0000000,1.0000000,6.0000000
369,0.0000000,,35.91667,3.380000,0.00000000000,0.0000000,1.0000000,0.0000000,2.0000000,1.1266670,18.0000000,1.0000000,15.0000000
370,1.0000000,0.00,40.91667,6.000000,0.07896433000,394.5717000,1.0000000,0.0000000,0.0000000,6.0000000,42.0000000,1.0000000,5.0000000
371,1.0000000,0.00,30.33333,2.500000,0.03562280000,73.7975000,1.0000000,1.0000000,3.0000000,0.6250000,30.0000000,1.0000000,9.0000000
372,0.0000000,,30.33333,2.180000,0.00000000000,0.0000000,0.0000000,1.0000000,0.0000000,2.1800000,13.0000000,1.0000000,1.0000000
373,1.0000000,0.00,32.91667,2.720000,0.17767170000,402.7225000,0.0000000,0.0000000,1.0000000,1.3600000,6.0000000,1.0000000,8.0000000
374,1.0000000,0.00,21.50000,1.530000,0.03650327000,46.2916700,1.0000000,0.0000000,0.0000000,1.5300000,22.0000000,1.0000000,11.0000000
375,1.0000000,0.00,30.75000,5.600000,0.03980107000,185.7383000,1.0000000,0.0000000,0.0000000,5.6000000,1.0000000,0.0000000,8.0000000
376,1.0000000,0.00,48.91667,4.500000,0.05416889000,203.1333000,0.0000000,0.0000000,2.0000000,1.5000000,17.0000000,1.0000000,0.0000000
377,1.0000000,0.00,39.08333,5.100000,0.04952431000,210.2283000,1.0000000,0.0000000,3.0000000,1.2750000,60.0000000,0.0000000,22.0000000
378,1.0000000,0.00,21.25000,1.990000,0.03496332000,57.9808300,0.0000000,0.0000000,2.0000000,0.6633334,8.0000000,1.0000000,5.0000000
379,1.0000000,0.00,40.08333,4.000000,0.07481575000,248.7192000,1.0000000,0.0000000,2.0000000,1.3333330,96.0000000,1.0000000,0.0000000
380,1.0000000,0.00,25.41667,2.100000,0.04128572000,71.6666600,1.0000000,0.0000000,0.0000000,2.1000000,44.0000000,1.0000000,5.0000000
381,0.0000000,,35.25000,5.633500,0.00000000000,0.0000000,1.0000000,0.0000000,3.0000000,1.4083750,18.0000000,0.0000000,10.0000000
382,1.0000000,0.00,64.58334,7.125000,0.02533895000,149.7000000,1.0000000,0.0000000,1.0000000,3.5625000,241.0000000,1.0000000,8.0000000
383,1.0000000,0.00,25.16667,3.750000,0.12807600000,400.0708000,1.0000000,0.0000000,0.0000000,3.7500000,7.0000000,1.0000000,11.0000000
384,1.0000000,0.00,25.00000,3.398400,0.00035310730,0.0000000,1.0000000,0.0000000,2.0000000,1.1328000,29.0000000,0.0000000,4.0000000
385,0.0000000,,28.83333,2.580000,0.00000000000,0.0000000,1.0000000,0.0000000,0.0000000,2.5800000,41.0000000,1.0000000,11.0000000
386,1.0000000,0.00,47.75000,2.637200,0.00663582600,13.9166700,1.0000000,0.0000000,0.0000000,2.6372000,4.0000000,1.0000000,12.0000000
387,1.0000000,0.00,49.16667,5.200000,0.01664154000,71.5300000,1.0000000,0.0000000,1.0000000,2.6000000,15.0000000,1.0000000,6.0000000
388,1.0000000,0.00,25.08333,1.694900,0.02467697000,34.5208300,0.0000000,0.0000000,0.0000000,1.6949000,3.0000000,0.0000000,16.0000000
389,0.0000000,,22.08333,1.536000,0.00000000000,0.0000000,0.0000000,0.0000000,0.0000000,1.5360000,12.0000000,0.0000000,3.0000000
390,1.0000000,0.00,32.33333,6.300000,0.08876603000,465.9383000,0.0000000,1.0000000,4.0000000,1.2600000,60.0000000,1.0000000,7.0000000
391,1.0000000,0.00,49.16667,9.999900,0.01116311000,92.4416700,1.0000000,0.0000000,4.0000000,1.9999800,218.0000000,0.0000000,12.0000000
392,1.0000000,0.00,25.08333,2.100000,0.12277710000,214.8600000,0.0000000,0.0000000,0.0000000,2.1000000,26.0000000,1.0000000,17.0000000
393,1.0000000,0.00,37.08333,8.124000,0.03150603000,213.1292000,1.0000000,1.0000000,3.0000000,2.0310000,120.0000000,1.0000000,5.0000000
394,1.0000000,0.00,23.08333,3.000000,0.02586333000,63.9916600,0.0000000,0.0000000,0.0000000,3.0000000,3.0000000,1.0000000,0.0000000
395,0.0000000,,41.25000,4.386000,0.00000000000,0.0000000,1.0000000,0.0000000,3.0000000,1.0965000,172.0000000,1.0000000,9.0000000
396,1.0000000,0.00,40.75000,4.800000,0.15378020000,615.1208000,1.0000000,0.0000000,3.0000000,1.2000000,122.0000000,1.0000000,17.0000000
397,1.0000000,1.00,36.33333,7.350000,0.07122857000,436.2750000,0.0000000,0.0000000,0.0000000,7.3500000,51.0000000,0.0000000,14.0000000
398,1.0000000,0.00,34.91667,3.000000,0.01464867000,36.2050000,0.0000000,0.0000000,1.0000000,1.5000000,30.0000000,0.0000000,2.0000000
399,0.0000000,,36.08333,4.100000,0.00000000000,0.0000000,1.0000000,0.0000000,2.0000000,1.3666670,30.0000000,1.0000000,0.0000000
400,1.0000000,0.00,32.08333,1.600000,0.26358500000,351.3633000,0.0000000,0.0000000,0.0000000,1.6000000,6.0000000,1.0000000,3.0000000
401,1.0000000,0.00,28.91667,1.511000,0.00079417610,0.0000000,0.0000000,0.0000000,0.0000000,1.5110000,44.0000000,1.0000000,15.0000000
402,1.0000000,0.00,45.00000,3.800000,0.03137474000,99.1033300,1.0000000,0.0000000,1.0000000,1.9000000,90.0000000,1.0000000,3.0000000
403,1.0000000,0.00,40.66667,4.770000,0.00314612200,11.6725000,1.0000000,0.0000000,0.0000000,4.7700000,144.0000000,1.0000000,10.0000000
404,1.0000000,0.00,22.41667,3.100000,0.24002130000,620.0550000,0.0000000,0.0000000,0.0000000,3.1000000,3.0000000,1.0000000,0.0000000
405,1.0000000,0.00,24.25000,1.600000,0.37552440000,500.6158000,1.0000000,0.0000000,0.0000000,1.6000000,48.0000000,0.0000000,1.0000000
406,1.0000000,0.00,25.08333,5.000000,0.03165080000,131.8783000,0.0000000,0.0000000,0.0000000,5.0000000,38.0000000,1.0000000,16.0000000
407,1.0000000,0.00,25.75000,1.850000,0.05965243000,91.9641700,1.0000000,0.0000000,0.0000000,1.8500000,24.0000000,1.0000000,9.0000000
408,1.0000000,0.00,57.08333,5.000000,0.00024000000,0.0000000,1.0000000,1.0000000,0.0000000,5.0000000,144.0000000,1.0000000,7.0000000
409,1.0000000,0.00,28.83333,2.184000,0.07956502000,144.6417000,1.0000000,0.0000000,0.0000000,2.1840000,5.0000000,1.0000000,14.0000000
410,1.0000000,0.00,21.16667,2.400000,0.10083290000,201.5825000,0.0000000,0.0000000,0.0000000,2.4000000,2.0000000,1.0000000,5.0000000
411,0.0000000,,23.75000,1.672000,0.00000000000,0.0000000,0.0000000,0.0000000,0.0000000,1.6720000,27.0000000,1.0000000,0.0000000
412,0.0000000,,42.00000,1.980000,0.00000000000,0.0000000,1.0000000,0.0000000,2.0000000,0.6600000,36.0000000,1.0000000,0.0000000
413,1.0000000,0.00,23.25000,4.320000,0.18771410000,675.7708000,0.0000000,0.0000000,2.0000000,1.4400000,36.0000000,1.0000000,11.0000000
414,1.0000000,0.00,25.16667,2.656000,0.15941940000,352.8483000,1.0000000,0.0000000,0.0000000,2.6560000,96.0000000,1.0000000,0.0000000
415,1.0000000,0.00,32.83333,2.000000,0.09380350000,156.0892000,1.0000000,0.0000000,2.0000000,0.6666666,8.0000000,0.0000000,2.0000000
416,1.0000000,0.00,35.33333,1.908000,0.02690671000,42.6150000,1.0000000,0.0000000,2.0000000,0.6360000,120.0000000,0.0000000,5.0000000
417,1.0000000,0.00,46.25000,5.400000,0.05977204000,268.7242000,1.0000000,0.0000000,4.0000000,1.0800000,204.0000000,1.0000000,7.0000000
418,0.0000000,,27.16667,4.000000,0.00000000000,0.0000000,1.0000000,0.0000000,0.0000000,4.0000000,37.0000000,1.0000000,7.0000000
419,1.0000000,0.00,26.75000,1.800000,0.00661111100,9.1666670,1.0000000,0.0000000,0.0000000,1.8000000,53.0000000,1.0000000,9.0000000
420,1.0000000,1.00,30.00000,4.000000,0.05105425000,170.1808000,1.0000000,0.0000000,5.0000000,0.6666666,28.0000000,1.0000000,7.0000000
421,1.0000000,0.00,39.41667,4.700000,0.06314021000,247.2992000,1.0000000,0.0000000,4.0000000,0.9400000,12.0000000,1.0000000,10.0000000
422,1.0000000,0.00,33.00000,3.150000,0.05726571000,150.1767000,0.0000000,1.0000000,0.0000000,3.1500000,128.0000000,0.0000000,3.0000000
423,1.0000000,0.00,29.58333,2.400000,0.01527000000,29.9566700,0.0000000,0.0000000,1.0000000,1.2000000,18.0000000,1.0000000,8.0000000
424,1.0000000,0.00,28.66667,3.500000,0.02358028000,68.3591700,1.0000000,0.0000000,5.0000000,0.5833334,42.0000000,1.0000000,12.0000000
425,0.0000000,,34.25000,2.500000,0.00000000000,0.0000000,1.0000000,0.0000000,1.0000000,1.2500000,12.0000000,1.0000000,0.0000000
426,1.0000000,0.00,24.91667,2.300000,0.02855478000,54.6466700,0.0000000,0.0000000,0.0000000,2.3000000,30.0000000,1.0000000,2.0000000
427,1.0000000,0.00,27.16667,2.679600,0.00727720600,15.5833300,0.0000000,0.0000000,4.0000000,0.5359200,36.0000000,1.0000000,4.0000000
428,1.0000000,1.00,21.16667,1.800000,0.19253440000,288.8017000,0.0000000,0.0000000,0.0000000,1.8000000,192.0000000,1.0000000,8.0000000
429,1.0000000,0.00,29.25000,4.467000,0.11394940000,424.1767000,1.0000000,1.0000000,0.0000000,4.4670000,63.0000000,1.0000000,5.0000000
430,0.0000000,,26.16667,2.466000,0.00000000000,0.0000000,1.0000000,0.0000000,0.0000000,2.4660000,14.0000000,1.0000000,20.0000000
431,1.0000000,0.00,24.75000,1.875000,0.08070774000,126.0225000,0.0000000,0.0000000,1.0000000,0.9375000,14.0000000,0.0000000,1.0000000
432,0.0000000,,35.00000,2.250000,0.00000000000,0.0000000,0.0000000,0.0000000,1.0000000,1.1250000,84.0000000,1.0000000,3.0000000
433,1.0000000,0.00,28.33333,3.900000,0.04364769000,141.6883000,1.0000000,0.0000000,1.0000000,1.9500000,49.0000000,1.0000000,17.0000000
434,1.0000000,0.00,0.58333,2.500000,0.08317120000,173.0233000,0.0000000,0.0000000,0.0000000,2.5000000,150.0000000,1.0000000,5.0000000
435,1.0000000,0.00,40.75000,3.640000,0.03113791000,94.1183300,0.0000000,0.0000000,1.0000000,1.8200000,41.0000000,1.0000000,1.0000000
436,0.0000000,,30.91667,2.600000,0.00000000000,0.0000000,0.0000000,0.0000000,0.0000000,2.6000000,5.0000000,0.0000000,0.0000000
437,0.0000000,,23.41667,9.999900,0.00000000000,0.0000000,0.0000000,0.0000000,2.0000000,3.3333000,27.0000000,1.0000000,5.0000000
438,0.0000000,,35.16667,4.288000,0.00000000000,0.0000000,1.0000000,0.0000000,3.0000000,1.0720000,24.0000000,0.0000000,13.0000000
439,1.0000000,0.00,21.91667,2.687500,0.07412688000,165.9300000,0.0000000,0.0000000,3.0000000,0.6718750,85.0000000,1.0000000,12.0000000
440,0.0000000,,24.91667,1.850000,0.00000000000,0.0000000,0.0000000,0.0000000,0.0000000,1.8500000,14.0000000,0.0000000,3.0000000
441,1.0000000,0.00,21.91667,6.700000,0.05414866000,302.2467000,0.0000000,0.0000000,0.0000000,6.7000000,8.0000000,1.0000000,6.0000000
442,1.0000000,1.00,53.58333,9.999900,0.09987020000,832.2433000,1.0000000,0.0000000,3.0000000,2.4999750,120.0000000,1.0000000,3.0000000
443,1.0000000,0.00,48.91667,3.000000,0.09670267000,241.4233000,1.0000000,0.0000000,2.0000000,1.0000000,120.0000000,0.0000000,3.0000000
444,0.0000000,,31.58333,2.023700,0.00000000000,0.0000000,0.0000000,0.0000000,0.0000000,2.0237000,14.0000000,1.0000000,3.0000000
445,1.0000000,0.00,25.83333,2.500000,0.05980160000,124.5033000,0.0000000,0.0000000,0.0000000,2.5000000,6.0000000,0.0000000,0.0000000
446,1.0000000,0.00,23.16667,3.920000,0.22699110000,741.5042000,0.0000000,0.0000000,0.0000000,3.9200000,16.0000000,1.0000000,0.0000000
447,1.0000000,1.00,29.58333,6.600000,0.09274364000,510.0900000,1.0000000,0.0000000,0.0000000,6.6000000,24.0000000,1.0000000,14.0000000
448,1.0000000,0.00,53.00000,2.450000,0.01771837000,35.6750000,1.0000000,0.0000000,0.0000000,2.4500000,3.0000000,1.0000000,11.0000000
449,1.0000000,0.00,25.75000,2.400000,0.02071958000,41.1891700,0.0000000,0.0000000,0.0000000,2.4000000,34.0000000,1.0000000,2.0000000
450,1.0000000,0.00,26.83333,2.100000,0.00057142860,0.0000000,0.0000000,0.0000000,2.0000000,0.7000000,30.0000000,1.0000000,18.0000000
451,0.0000000,,37.25000,1.554800,0.00000000000,0.0000000,0.0000000,0.0000000,1.0000000,0.7774000,36.0000000,1.0000000,0.0000000
452,0.0000000,,22.33333,1.800000,0.00000000000,0.0000000,0.0000000,0.0000000,0.0000000,1.8000000,3.0000000,0.0000000,6.0000000
453,1.0000000,0.00,71.83334,7.701000,0.06251058000,400.9117000,1.0000000,0.0000000,1.0000000,3.8505000,24.0000000,1.0000000,9.0000000
454,1.0000000,1.00,23.66667,1.950000,0.03098154000,50.1783300,0.0000000,0.0000000,0.0000000,1.9500000,3.0000000,1.0000000,4.0000000
455,0.0000000,,44.58333,1.800000,0.00000000000,0.0000000,0.0000000,1.0000000,0.0000000,1.8000000,60.0000000,1.0000000,2.0000000
456,0.0000000,,35.83333,4.500000,0.00000000000,0.0000000,1.0000000,0.0000000,6.0000000,0.6428571,6.0000000,0.0000000,0.0000000
457,1.0000000,0.00,33.08333,2.800000,0.03015786000,70.2850000,1.0000000,0.0000000,1.0000000,1.4000000,72.0000000,1.0000000,20.0000000
458,1.0000000,0.00,35.00000,4.500000,0.01022222000,37.5833300,1.0000000,0.0000000,3.0000000,1.1250000,144.0000000,1.0000000,3.0000000
459,1.0000000,0.00,28.25000,2.027200,0.11102550000,187.1425000,1.0000000,0.0000000,1.0000000,1.0136000,91.0000000,1.0000000,1.0000000
460,1.0000000,0.00,49.58333,1.750000,0.01074229000,15.3325000,1.0000000,0.0000000,1.0000000,0.8750000,38.0000000,1.0000000,3.0000000
461,1.0000000,1.00,25.25000,2.900000,0.08686655000,209.8442000,0.0000000,0.0000000,0.0000000,2.9000000,276.0000000,1.0000000,6.0000000
462,1.0000000,0.00,40.41667,3.115000,0.07675923000,199.0042000,1.0000000,0.0000000,1.0000000,1.5575000,60.0000000,1.0000000,11.0000000
463,0.0000000,,36.41667,3.000000,0.00000000000,0.0000000,0.0000000,0.0000000,0.0000000,3.0000000,74.0000000,1.0000000,16.0000000
464,1.0000000,0.00,20.50000,1.600000,0.08383188000,111.6925000,0.0000000,0.0000000,0.0000000,1.6000000,3.0000000,1.0000000,0.0000000
465,1.0000000,0.00,29.75000,3.000000,0.06942033000,173.4675000,0.0000000,0.0000000,1.0000000,1.5000000,60.0000000,1.0000000,1.0000000
466,1.0000000,0.00,27.83333,3.540000,0.00686666600,19.5900000,0.0000000,0.0000000,2.0000000,1.1800000,3.0000000,1.0000000,0.0000000
467,0.0000000,,38.25000,4.800000,0.00000000000,0.0000000,1.0000000,0.0000000,1.0000000,2.4000000,42.0000000,1.0000000,6.0000000
468,1.0000000,0.00,35.50000,7.500000,0.02056160000,128.4267000,1.0000000,0.0000000,4.0000000,1.5000000,19.0000000,1.0000000,12.0000000
469,0.0000000,,19.41667,2.200000,0.00000000000,0.0000000,0.0000000,0.0000000,0.0000000,2.2000000,6.0000000,1.0000000,0.0000000
470,1.0000000,0.00,25.25000,5.500000,0.02479182000,113.2958000,1.0000000,1.0000000,0.0000000,5.5000000,16.0000000,1.0000000,0.0000000
471,0.0000000,,20.58333,2.640000,0.00000000000,0.0000000,0.0000000,0.0000000,3.0000000,0.6600000,7.0000000,1.0000000,1.0000000
472,1.0000000,0.00,22.91667,2.150000,0.00995627900,17.1716700,0.0000000,0.0000000,0.0000000,2.1500000,12.0000000,1.0000000,1.0000000
473,1.0000000,0.00,0.16667,3.240000,0.18436640000,497.7058000,1.0000000,0.0000000,3.0000000,0.8100000,25.0000000,1.0000000,16.0000000
474,0.0000000,,29.16667,1.700000,0.00000000000,0.0000000,0.0000000,0.0000000,1.0000000,0.8500000,28.0000000,1.0000000,0.0000000
475,1.0000000,0.00,29.00000,5.500000,0.06295200000,288.3633000,0.0000000,0.0000000,2.0000000,1.8333330,18.0000000,1.0000000,3.0000000
476,1.0000000,0.00,23.83333,4.800000,0.08014250000,320.4867000,0.0000000,1.0000000,0.0000000,4.8000000,42.0000000,1.0000000,2.0000000
477,1.0000000,0.00,23.33333,2.585000,0.02505764000,53.6450000,0.0000000,0.0000000,0.0000000,2.5850000,8.0000000,1.0000000,1.0000000
478,0.0000000,,52.33333,2.000000,0.00000000000,0.0000000,1.0000000,0.0000000,3.0000000,0.5000000,54.0000000,1.0000000,7.0000000
479,1.0000000,0.00,26.58333,3.200000,0.14956910000,398.8508000,1.0000000,0.0000000,2.0000000,1.0666670,12.0000000,1.0000000,0.0000000
480,1.0000000,0.00,26.66667,1.600000,0.02353625000,30.5483300,1.0000000,0.0000000,0.0000000,1.6000000,24.0000000,1.0000000,5.0000000
481,1.0000000,0.00,26.08333,2.300000,0.03560869000,67.6666600,0.0000000,0.0000000,0.0000000,2.3000000,24.0000000,1.0000000,0.0000000
482,0.0000000,,28.58333,2.060000,0.00000000000,0.0000000,1.0000000,0.0000000,0.0000000,2.0600000,31.0000000,0.0000000,12.0000000
483,1.0000000,0.00,52.16667,2.660000,0.04462218000,98.5791600,1.0000000,0.0000000,3.0000000,0.6650000,228.0000000,1.0000000,0.0000000
484,1.0000000,0.00,40.91667,4.000000,0.00331225000,10.2908300,1.0000000,0.0000000,1.0000000,2.0000000,84.0000000,1.0000000,9.0000000
485,1.0000000,0.00,33.83333,2.900000,0.19510830000,471.3450000,1.0000000,0.0000000,2.0000000,0.9666667,147.0000000,1.0000000,8.0000000
486,1.0000000,0.00,40.16667,2.450000,0.07000694000,142.5142000,0.0000000,0.0000000,0.0000000,2.4500000,180.0000000,1.0000000,0.0000000
487,1.0000000,0.00,34.33333,4.500000,0.00320000000,11.1666700,1.0000000,1.0000000,4.0000000,0.9000000,30.0000000,1.0000000,6.0000000
488,1.0000000,0.00,47.58333,4.650000,0.01516022000,58.2458300,0.0000000,0.0000000,2.0000000,1.5500000,25.0000000,1.0000000,11.0000000
489,1.0000000,1.00,22.83333,3.600000,0.04884167000,146.4417000,0.0000000,0.0000000,0.0000000,3.6000000,30.0000000,1.0000000,20.0000000
490,0.0000000,,27.66667,2.150000,0.00000000000,0.0000000,0.0000000,0.0000000,0.0000000,2.1500000,97.0000000,1.0000000,1.0000000
491,1.0000000,0.00,28.83333,2.450000,0.03879551000,78.8741700,1.0000000,0.0000000,0.0000000,2.4500000,26.0000000,1.0000000,3.0000000
492,1.0000000,0.00,24.75000,2.000000,0.05499750000,91.4125000,1.0000000,1.0000000,1.0000000,1.0000000,24.0000000,0.0000000,10.0000000
493,1.0000000,0.00,23.25000,2.500000,0.04443840000,91.9966700,0.0000000,0.0000000,0.0000000,2.5000000,54.0000000,1.0000000,1.0000000
494,1.0000000,0.00,30.16667,2.190000,0.48744380000,889.5850000,0.0000000,0.0000000,0.0000000,2.1900000,6.0000000,1.0000000,0.0000000
495,1.0000000,0.00,30.08333,2.600000,0.00596153800,12.0833300,1.0000000,0.0000000,4.0000000,0.5200000,51.0000000,1.0000000,16.0000000
496,1.0000000,0.00,23.91667,2.000000,0.10019100000,166.9017000,0.0000000,0.0000000,0.0000000,2.0000000,9.0000000,1.0000000,0.0000000
497,1.0000000,1.00,30.16667,7.290400,0.07818501000,474.5000000,1.0000000,0.0000000,4.0000000,1.4580800,43.0000000,1.0000000,14.0000000
498,1.0000000,0.00,34.83333,5.500000,0.23754310000,"1,088.7390000",1.0000000,0.0000000,4.0000000,1.1000000,12.0000000,1.0000000,0.0000000
499,0.0000000,,37.16667,1.680000,0.00000000000,0.0000000,1.0000000,0.0000000,3.0000000,0.4200000,120.0000000,0.0000000,8.0000000
500,1.0000000,0.00,33.50000,3.500000,0.09496600000,276.9842000,0.0000000,0.0000000,0.0000000,3.5000000,4.0000000,1.0000000,13.0000000
501,1.0000000,0.00,42.25000,3.235000,0.02476569000,66.2641700,1.0000000,0.0000000,2.0000000,1.0783330,36.0000000,1.0000000,3.0000000
502,0.0000000,,27.16667,1.800000,0.00000000000,0.0000000,0.0000000,0.0000000,2.0000000,0.6000000,34.0000000,1.0000000,7.0000000
503,0.0000000,,44.91667,2.805500,0.00000000000,0.0000000,1.0000000,0.0000000,5.0000000,0.4675834,4.0000000,1.0000000,0.0000000
504,1.0000000,0.00,22.91667,1.560000,0.09851731000,128.0725000,1.0000000,0.0000000,0.0000000,1.5600000,6.0000000,0.0000000,7.0000000
505,1.0000000,0.00,24.58333,2.200000,0.06601682000,121.0308000,0.0000000,0.0000000,0.0000000,2.2000000,22.0000000,1.0000000,6.0000000
506,1.0000000,0.00,42.00000,3.600000,0.01785056000,53.3016700,0.0000000,1.0000000,0.0000000,3.6000000,41.0000000,0.0000000,14.0000000
507,1.0000000,0.00,32.41667,3.200000,0.11920530000,317.4642000,0.0000000,0.0000000,0.0000000,3.2000000,30.0000000,1.0000000,1.0000000
508,1.0000000,0.00,32.00000,2.500000,0.05444680000,113.1808000,0.0000000,0.0000000,0.0000000,2.5000000,8.0000000,1.0000000,5.0000000
509,1.0000000,0.00,37.08333,2.800000,0.16992860000,396.5000000,0.0000000,0.0000000,0.0000000,2.8000000,36.0000000,1.0000000,23.0000000
510,0.0000000,,27.33333,4.900000,0.00000000000,0.0000000,1.0000000,0.0000000,2.0000000,1.6333330,16.0000000,1.0000000,15.0000000
511,1.0000000,0.00,21.50000,2.377900,0.01799908000,35.1666700,0.0000000,0.0000000,0.0000000,2.3779000,7.0000000,0.0000000,5.0000000
512,1.0000000,0.00,34.75000,2.340000,0.18337990000,357.5908000,1.0000000,0.0000000,0.0000000,2.3400000,108.0000000,0.0000000,11.0000000
513,1.0000000,0.00,30.08333,3.750000,0.09561973000,298.4783000,1.0000000,0.0000000,1.0000000,1.8750000,12.0000000,1.0000000,9.0000000
514,0.0000000,,21.50000,1.780000,0.00000000000,0.0000000,0.0000000,0.0000000,0.0000000,1.7800000,5.0000000,1.0000000,1.0000000
515,1.0000000,0.00,29.33333,2.300000,0.04004043000,76.2441600,0.0000000,0.0000000,2.0000000,0.7666667,24.0000000,0.0000000,5.0000000
516,1.0000000,0.00,38.16667,5.500000,0.04493018000,205.5133000,1.0000000,0.0000000,4.0000000,1.1000000,99.0000000,1.0000000,9.0000000
517,1.0000000,0.00,34.33333,4.800000,0.47450830000,"1,898.0330000",0.0000000,0.0000000,3.0000000,1.2000000,12.0000000,1.0000000,1.0000000
518,1.0000000,0.00,57.08333,4.800000,0.15343150000,613.6425000,1.0000000,0.0000000,0.0000000,4.8000000,138.0000000,1.0000000,4.0000000
519,1.0000000,0.00,26.75000,3.500000,0.11810430000,344.4708000,0.0000000,0.0000000,0.0000000,3.5000000,2.0000000,1.0000000,14.0000000
520,1.0000000,0.00,33.58333,4.566000,0.00214629900,7.3333330,1.0000000,0.0000000,0.0000000,4.5660000,94.0000000,1.0000000,19.0000000
521,1.0000000,0.00,20.08333,3.400000,0.00064705880,0.9166667,0.0000000,0.0000000,0.0000000,3.4000000,15.0000000,0.0000000,0.0000000
522,0.0000000,,36.91667,1.850000,0.00000000000,0.0000000,0.0000000,0.0000000,2.0000000,0.6166667,192.0000000,1.0000000,2.0000000
523,0.0000000,,32.33333,2.500000,0.00000000000,0.0000000,0.0000000,0.0000000,1.0000000,1.2500000,60.0000000,1.0000000,0.0000000
524,1.0000000,1.00,38.25000,3.200000,0.04545781000,121.2208000,1.0000000,0.0000000,1.0000000,1.6000000,84.0000000,0.0000000,12.0000000
525,0.0000000,,29.16667,2.475000,0.00000000000,0.0000000,0.0000000,0.0000000,1.0000000,1.2375000,12.0000000,0.0000000,5.0000000
526,1.0000000,1.00,34.83333,3.200000,0.06567625000,175.1367000,1.0000000,0.0000000,2.0000000,1.0666670,25.0000000,1.0000000,8.0000000
527,0.0000000,,48.25000,2.000000,0.00000000000,0.0000000,1.0000000,0.0000000,1.0000000,1.0000000,120.0000000,1.0000000,15.0000000
528,1.0000000,0.00,24.08333,1.620000,0.01050802000,13.6858300,0.0000000,0.0000000,0.0000000,1.6200000,12.0000000,0.0000000,4.0000000
529,0.0000000,,24.91667,3.150000,0.00000000000,0.0000000,1.0000000,0.0000000,1.0000000,1.5750000,40.0000000,1.0000000,5.0000000
530,1.0000000,0.00,28.25000,3.900000,0.07661206000,248.9058000,0.0000000,0.0000000,0.0000000,3.9000000,48.0000000,1.0000000,10.0000000
531,1.0000000,0.00,27.83333,2.652000,0.07283182000,160.8750000,1.0000000,0.0000000,3.0000000,0.6630000,24.0000000,1.0000000,3.0000000
532,1.0000000,0.00,20.33333,1.675200,0.17573840000,245.3308000,0.0000000,0.0000000,0.0000000,1.6752000,10.0000000,1.0000000,0.0000000
533,1.0000000,0.00,28.00000,2.160000,0.02366667000,42.5166700,0.0000000,0.0000000,0.0000000,2.1600000,50.0000000,0.0000000,3.0000000
534,1.0000000,0.00,35.66667,3.582200,0.10499780000,313.3525000,1.0000000,0.0000000,1.0000000,1.7911000,84.0000000,1.0000000,10.0000000
535,1.0000000,0.00,40.08333,2.222400,0.39808180000,737.0808000,1.0000000,0.0000000,2.0000000,0.7408000,10.0000000,1.0000000,14.0000000
536,1.0000000,0.00,37.33333,7.000000,0.03023229000,176.2717000,1.0000000,0.0000000,2.0000000,2.3333330,14.0000000,1.0000000,17.0000000
537,1.0000000,0.00,28.33333,6.600000,0.00712984800,38.7141600,0.0000000,0.0000000,2.0000000,2.2000000,55.0000000,1.0000000,7.0000000
538,0.0000000,,24.58333,2.000000,0.00000000000,0.0000000,0.0000000,0.0000000,0.0000000,2.0000000,7.0000000,0.0000000,6.0000000
539,0.0000000,,34.50000,3.300000,0.00000000000,0.0000000,1.0000000,0.0000000,2.0000000,1.1000000,33.0000000,0.0000000,18.0000000
540,0.0000000,,22.58333,3.860000,0.00000000000,0.0000000,0.0000000,0.0000000,1.0000000,1.9300000,36.0000000,0.0000000,4.0000000
541,1.0000000,0.00,39.91667,4.600000,0.02751957000,105.3250000,0.0000000,0.0000000,2.0000000,1.5333330,4.0000000,1.0000000,1.0000000
542,0.0000000,,38.33333,4.000000,0.00000000000,0.0000000,1.0000000,1.0000000,3.0000000,1.0000000,40.0000000,1.0000000,7.0000000
543,1.0000000,1.00,41.41667,2.500000,0.07657401000,159.1958000,0.0000000,1.0000000,2.0000000,0.8333333,131.0000000,0.0000000,3.0000000
544,1.0000000,0.00,24.08333,2.040000,0.11361030000,192.7208000,0.0000000,0.0000000,0.0000000,2.0400000,109.0000000,1.0000000,5.0000000
545,1.0000000,0.00,28.41667,2.600000,0.04854384000,105.0950000,1.0000000,0.0000000,0.0000000,2.6000000,27.0000000,1.0000000,6.0000000
546,1.0000000,0.00,48.25000,5.000000,0.02194240000,91.1766700,0.0000000,0.0000000,3.0000000,1.2500000,7.0000000,1.0000000,0.0000000
547,1.0000000,0.00,43.83333,10.500000,0.00109523800,8.7500000,1.0000000,0.0000000,4.0000000,2.1000000,168.0000000,1.0000000,16.0000000
548,1.0000000,0.00,27.58333,4.000000,0.01495000000,49.2500000,1.0000000,1.0000000,3.0000000,1.0000000,40.0000000,1.0000000,13.0000000
549,1.0000000,0.00,41.50000,5.100000,0.03296432000,140.0150000,0.0000000,0.0000000,1.0000000,2.5500000,63.0000000,1.0000000,4.0000000
550,1.0000000,0.00,35.83333,2.420000,0.05948347000,119.6250000,1.0000000,0.0000000,0.0000000,2.4200000,56.0000000,1.0000000,10.0000000
551,1.0000000,0.00,24.25000,1.600000,0.04509000000,59.7866700,0.0000000,0.0000000,0.0000000,1.6000000,43.0000000,1.0000000,2.0000000
552,1.0000000,0.00,23.00000,3.625000,0.03514566000,106.1692000,0.0000000,0.0000000,1.0000000,1.8125000,51.0000000,0.0000000,6.0000000
553,1.0000000,0.00,29.16667,2.370000,0.07643376000,150.7900000,1.0000000,0.0000000,0.0000000,2.3700000,77.0000000,1.0000000,3.0000000
554,1.0000000,0.00,34.83333,2.750000,0.03314945000,75.6341700,1.0000000,0.0000000,0.0000000,2.7500000,151.0000000,1.0000000,11.0000000
555,1.0000000,0.00,36.66667,3.800000,0.03591921000,112.9942000,1.0000000,0.0000000,3.0000000,0.9500000,77.0000000,1.0000000,4.0000000
556,1.0000000,0.00,37.16667,2.825000,0.06534584000,153.7517000,1.0000000,0.0000000,0.0000000,2.8250000,240.0000000,1.0000000,2.0000000
557,1.0000000,0.00,38.25000,5.100000,0.08108000000,344.0067000,1.0000000,0.0000000,3.0000000,1.2750000,126.0000000,1.0000000,17.0000000
558,1.0000000,0.00,30.41667,1.500000,0.06344134000,78.8850000,0.0000000,0.0000000,1.0000000,0.7500000,24.0000000,0.0000000,5.0000000
559,0.0000000,,22.83333,3.147500,0.00000000000,0.0000000,0.0000000,0.0000000,2.0000000,1.0491670,19.0000000,0.0000000,0.0000000
560,1.0000000,0.00,24.16667,3.700000,0.07111514000,219.2717000,1.0000000,0.0000000,1.0000000,1.8500000,8.0000000,1.0000000,5.0000000
561,0.0000000,,31.75000,4.500000,0.00000000000,0.0000000,1.0000000,0.0000000,0.0000000,4.5000000,36.0000000,1.0000000,11.0000000
562,1.0000000,0.00,24.75000,2.200000,0.15504860000,284.2558000,1.0000000,0.0000000,0.0000000,2.2000000,36.0000000,1.0000000,6.0000000
563,0.0000000,,46.00000,6.000000,0.00000000000,0.0000000,1.0000000,0.0000000,2.0000000,2.0000000,84.0000000,1.0000000,46.0000000
564,1.0000000,0.00,33.08333,4.000000,0.25643550000,854.7850000,1.0000000,0.0000000,2.0000000,1.3333330,42.0000000,1.0000000,4.0000000
565,1.0000000,0.00,0.58333,4.000000,0.07266350000,242.1283000,1.0000000,0.0000000,3.0000000,1.0000000,24.0000000,1.0000000,4.0000000
566,0.0000000,,57.75000,2.000000,0.00000000000,0.0000000,1.0000000,1.0000000,0.0000000,2.0000000,36.0000000,0.0000000,44.0000000
567,1.0000000,0.00,34.16667,9.200000,0.08662446000,664.1208000,1.0000000,0.0000000,5.0000000,1.5333330,81.0000000,1.0000000,7.0000000
568,1.0000000,0.00,32.41667,6.106400,0.10700660000,544.5208000,1.0000000,0.0000000,1.0000000,3.0532000,67.0000000,1.0000000,1.0000000
569,1.0000000,0.00,74.16666,2.806500,0.01688936000,38.8333300,1.0000000,0.0000000,0.0000000,2.8065000,511.0000000,1.0000000,10.0000000
570,0.0000000,,20.91667,2.625000,0.00000000000,0.0000000,0.0000000,1.0000000,0.0000000,2.6250000,20.0000000,1.0000000,2.0000000
571,1.0000000,1.00,32.83333,2.500000,0.15731360000,327.7367000,0.0000000,0.0000000,0.0000000,2.5000000,147.0000000,1.0000000,3.0000000
572,1.0000000,0.00,44.58333,3.100000,0.12512130000,323.0633000,1.0000000,0.0000000,0.0000000,3.1000000,75.0000000,1.0000000,5.0000000
573,1.0000000,0.00,19.58333,1.800000,0.12179500000,182.6092000,0.0000000,0.0000000,0.0000000,1.8000000,12.0000000,1.0000000,0.0000000
574,1.0000000,0.00,21.41667,1.589600,0.20524910000,271.5533000,0.0000000,0.0000000,0.0000000,1.5896000,180.0000000,1.0000000,16.0000000
575,1.0000000,0.00,26.08333,3.000000,0.04546900000,113.5892000,0.0000000,0.0000000,0.0000000,3.0000000,28.0000000,1.0000000,8.0000000
576,1.0000000,0.00,20.83333,1.800000,0.55351780000,830.2767000,0.0000000,0.0000000,0.0000000,1.8000000,5.0000000,0.0000000,0.0000000
577,1.0000000,0.00,25.33333,3.480000,0.05121034000,148.2600000,1.0000000,0.0000000,0.0000000,3.4800000,14.0000000,1.0000000,5.0000000
578,1.0000000,0.00,22.16667,1.600000,0.15062750000,200.5867000,1.0000000,0.0000000,0.0000000,1.6000000,27.0000000,1.0000000,3.0000000
579,0.0000000,,32.33333,6.000000,0.00000000000,0.0000000,1.0000000,0.0000000,4.0000000,1.2000000,18.0000000,1.0000000,4.0000000
580,1.0000000,0.00,25.33333,2.000000,0.00665200000,10.4200000,0.0000000,0.0000000,0.0000000,2.0000000,24.0000000,1.0000000,19.0000000
581,1.0000000,0.00,19.91667,3.500000,0.06020943000,175.4442000,0.0000000,0.0000000,1.0000000,1.7500000,24.0000000,1.0000000,3.0000000
582,1.0000000,0.00,27.50000,3.200000,0.03100344000,82.3425000,1.0000000,0.0000000,0.0000000,3.2000000,23.0000000,1.0000000,9.0000000
583,1.0000000,0.00,21.91667,3.860000,0.00031088080,0.0000000,1.0000000,1.0000000,0.0000000,3.8600000,18.0000000,1.0000000,8.0000000
584,1.0000000,0.00,47.50000,2.661100,0.09956446000,220.7925000,1.0000000,0.0000000,0.0000000,2.6611000,269.0000000,1.0000000,8.0000000
585,1.0000000,0.00,83.50000,2.872500,0.00584856400,13.3333300,1.0000000,1.0000000,0.0000000,2.8725000,38.0000000,0.0000000,11.0000000
586,1.0000000,1.00,25.08333,3.000000,0.03845300000,95.7991600,0.0000000,0.0000000,0.0000000,3.0000000,8.0000000,0.0000000,4.0000000
587,1.0000000,0.00,26.66667,2.000000,0.03145000000,51.7500000,0.0000000,0.0000000,1.0000000,1.0000000,6.0000000,1.0000000,1.0000000
588,0.0000000,,46.91667,2.100000,0.00000000000,0.0000000,0.0000000,0.0000000,0.0000000,2.1000000,25.0000000,0.0000000,3.0000000
589,1.0000000,1.00,43.33333,4.800000,0.37061270000,"1,482.3680000",1.0000000,0.0000000,0.0000000,4.8000000,3.0000000,1.0000000,4.0000000
590,1.0000000,0.00,39.08333,3.500000,0.06206229000,181.0150000,1.0000000,0.0000000,1.0000000,1.7500000,42.0000000,1.0000000,0.0000000
591,1.0000000,0.00,43.50000,1.747200,0.07401385000,107.7642000,1.0000000,0.0000000,0.0000000,1.7472000,18.0000000,0.0000000,2.0000000
592,1.0000000,0.00,21.50000,5.500000,0.07795545000,356.8792000,0.0000000,0.0000000,0.0000000,5.5000000,50.0000000,1.0000000,0.0000000
593,1.0000000,0.00,25.91667,2.400000,0.10786960000,215.7392000,0.0000000,0.0000000,0.0000000,2.4000000,150.0000000,1.0000000,18.0000000
594,1.0000000,0.00,42.08333,4.700000,0.01847894000,71.9591700,1.0000000,1.0000000,3.0000000,1.1750000,150.0000000,1.0000000,2.0000000
595,1.0000000,0.00,24.16667,2.510000,0.11496250000,240.3800000,0.0000000,0.0000000,0.0000000,2.5100000,10.0000000,1.0000000,12.0000000
596,1.0000000,1.00,35.33333,6.888000,0.01023621000,58.5058300,1.0000000,0.0000000,0.0000000,6.8880000,5.0000000,1.0000000,18.0000000
597,1.0000000,0.00,28.91667,2.690000,0.15710330000,352.1733000,0.0000000,0.0000000,1.0000000,1.3450000,62.0000000,0.0000000,0.0000000
598,0.0000000,,22.75000,2.340000,0.00000000000,0.0000000,0.0000000,0.0000000,0.0000000,2.3400000,61.0000000,1.0000000,6.0000000
599,1.0000000,1.00,43.58333,2.770000,0.04364765000,100.3367000,1.0000000,0.0000000,0.0000000,2.7700000,44.0000000,1.0000000,14.0000000
600,1.0000000,0.00,34.58333,5.100000,0.09700470000,412.1867000,1.0000000,0.0000000,4.0000000,1.0200000,3.0000000,1.0000000,0.0000000
601,1.0000000,0.00,22.66667,1.790000,0.03404134000,50.0283300,0.0000000,0.0000000,0.0000000,1.7900000,3.0000000,1.0000000,0.0000000
602,0.0000000,,23.83333,2.200000,0.00000000000,0.0000000,0.0000000,0.0000000,0.0000000,2.2000000,31.0000000,0.0000000,0.0000000
603,1.0000000,0.00,34.00000,5.400000,0.07138018000,321.2108000,1.0000000,0.0000000,3.0000000,1.3500000,24.0000000,1.0000000,4.0000000
604,1.0000000,1.00,19.00000,2.190000,0.34063560000,621.6600000,0.0000000,0.0000000,0.0000000,2.1900000,59.0000000,1.0000000,2.0000000
605,1.0000000,0.00,26.25000,5.000000,0.10828920000,451.2050000,1.0000000,0.0000000,0.0000000,5.0000000,5.0000000,1.0000000,16.0000000
606,1.0000000,0.00,40.83333,3.480000,0.00768908000,21.7150000,0.0000000,0.0000000,0.0000000,3.4800000,28.0000000,1.0000000,22.0000000
607,1.0000000,1.00,32.83333,3.509100,0.15961840000,466.3475000,0.0000000,0.0000000,0.0000000,3.5091000,22.0000000,1.0000000,9.0000000
608,1.0000000,0.00,31.91667,2.700000,0.11513110000,258.8783000,0.0000000,0.0000000,0.0000000,2.7000000,19.0000000,1.0000000,0.0000000
609,1.0000000,0.00,22.83333,1.846800,0.01142300000,16.9133300,0.0000000,0.0000000,0.0000000,1.8468000,48.0000000,1.0000000,4.0000000
610,1.0000000,0.00,26.00000,5.300000,0.05482528000,242.1450000,1.0000000,0.0000000,1.0000000,2.6500000,24.0000000,1.0000000,20.0000000
611,1.0000000,0.00,38.41667,6.500000,0.02921738000,157.8442000,1.0000000,0.0000000,3.0000000,1.6250000,60.0000000,1.0000000,9.0000000
612,0.0000000,,38.58333,3.200000,0.00000000000,0.0000000,0.0000000,0.0000000,2.0000000,1.0666670,14.0000000,1.0000000,6.0000000
613,0.0000000,,42.83333,3.700000,0.00000000000,0.0000000,0.0000000,0.0000000,4.0000000,0.7400000,84.0000000,0.0000000,3.0000000
614,1.0000000,0.00,30.83333,3.302600,0.00199842500,4.5833330,0.0000000,0.0000000,1.0000000,1.6513000,90.0000000,1.0000000,4.0000000
615,1.0000000,0.00,32.25000,2.600000,0.07879038000,170.4625000,0.0000000,0.0000000,1.0000000,1.3000000,76.0000000,0.0000000,3.0000000
616,1.0000000,0.00,40.75000,7.000000,0.06458829000,376.7650000,0.0000000,0.0000000,3.0000000,1.7500000,6.0000000,1.0000000,2.0000000
617,1.0000000,0.00,21.83333,2.500000,0.00679320000,13.4025000,0.0000000,0.0000000,0.0000000,2.5000000,32.0000000,1.0000000,3.0000000
618,1.0000000,0.00,45.58333,11.999900,0.02006617000,200.4933000,1.0000000,1.0000000,1.0000000,5.9999500,24.0000000,1.0000000,6.0000000
619,1.0000000,0.00,35.00000,4.112500,0.02962699000,101.2008000,1.0000000,0.0000000,1.0000000,2.0562500,37.0000000,1.0000000,23.0000000
620,0.0000000,,37.16667,1.833900,0.00000000000,0.0000000,0.0000000,0.0000000,2.0000000,0.6113000,52.0000000,1.0000000,0.0000000
621,1.0000000,0.00,25.75000,2.800000,0.05751464000,134.2008000,0.0000000,0.0000000,0.0000000,2.8000000,6.0000000,0.0000000,3.0000000
622,1.0000000,0.00,20.25000,1.850000,0.34261080000,527.9417000,1.0000000,0.0000000,0.0000000,1.8500000,96.0000000,1.0000000,2.0000000
623,1.0000000,0.00,30.66667,4.000000,0.09011575000,299.8858000,1.0000000,0.0000000,1.0000000,2.0000000,37.0000000,0.0000000,6.0000000
624,1.0000000,0.00,32.91667,2.500000,0.24576600000,512.0125000,0.0000000,0.0000000,1.0000000,1.2500000,6.0000000,1.0000000,9.0000000
625,1.0000000,0.00,35.58333,3.560600,0.10908410000,323.5875000,0.0000000,0.0000000,0.0000000,3.5606000,12.0000000,1.0000000,0.0000000
626,0.0000000,,47.75000,1.500000,0.00000000000,0.0000000,1.0000000,0.0000000,0.0000000,1.5000000,60.0000000,1.0000000,0.0000000
627,1.0000000,0.00,25.16667,8.000000,0.01700675000,112.8783000,1.0000000,0.0000000,2.0000000,2.6666670,18.0000000,1.0000000,0.0000000
628,1.0000000,0.00,26.83333,3.150000,0.07226063000,189.6842000,0.0000000,0.0000000,0.0000000,3.1500000,6.0000000,1.0000000,0.0000000
629,1.0000000,0.00,51.75000,4.723200,0.02165545000,84.9025000,1.0000000,0.0000000,1.0000000,2.3616000,60.0000000,0.0000000,0.0000000
630,1.0000000,0.00,45.00000,4.030000,0.04091464000,137.0717000,0.0000000,0.0000000,0.0000000,4.0300000,72.0000000,1.0000000,2.0000000
631,0.0000000,,47.91667,8.400000,0.00000000000,0.0000000,1.0000000,0.0000000,3.0000000,2.1000000,6.0000000,1.0000000,0.0000000
632,0.0000000,,21.08333,2.726800,0.00000000000,0.0000000,0.0000000,0.0000000,1.0000000,1.3634000,18.0000000,1.0000000,0.0000000
633,1.0000000,0.00,24.50000,2.800000,0.05955571000,138.7133000,0.0000000,0.0000000,0.0000000,2.8000000,5.0000000,1.0000000,0.0000000
634,1.0000000,0.00,58.08333,4.400000,0.02659568000,97.1841700,1.0000000,1.0000000,1.0000000,2.2000000,132.0000000,1.0000000,12.0000000
635,1.0000000,0.00,28.50000,4.232000,0.12397470000,437.1342000,0.0000000,1.0000000,0.0000000,4.2320000,30.0000000,1.0000000,5.0000000
636,1.0000000,0.00,57.33333,1.650000,0.00951515100,12.2500000,0.0000000,0.0000000,0.0000000,1.6500000,24.0000000,1.0000000,3.0000000
637,1.0000000,0.00,29.50000,2.800000,0.10678540000,249.1658000,0.0000000,0.0000000,0.0000000,2.8000000,50.0000000,1.0000000,3.0000000
638,1.0000000,0.00,44.58333,3.500000,0.01198229000,34.5316700,1.0000000,0.0000000,1.0000000,1.7500000,33.0000000,1.0000000,13.0000000
639,1.0000000,1.00,44.25000,7.600000,0.04906355000,310.7358000,1.0000000,0.0000000,6.0000000,1.0857140,207.0000000,1.0000000,11.0000000
640,1.0000000,0.00,33.75000,1.800000,0.13063390000,195.4508000,1.0000000,0.0000000,3.0000000,0.4500000,12.0000000,1.0000000,2.0000000
641,1.0000000,0.00,22.33333,1.800000,0.05342556000,80.0550000,0.0000000,0.0000000,0.0000000,1.8000000,48.0000000,0.0000000,1.0000000
642,0.0000000,,34.83333,4.900000,0.00000000000,0.0000000,0.0000000,0.0000000,2.0000000,1.6333330,408.0000000,1.0000000,3.0000000
643,1.0000000,0.00,23.83333,2.300000,0.13860090000,265.6517000,0.0000000,0.0000000,0.0000000,2.3000000,6.0000000,1.0000000,3.0000000
644,0.0000000,,35.58333,4.000000,0.00000000000,0.0000000,0.0000000,0.0000000,2.0000000,1.3333330,70.0000000,1.0000000,1.0000000
645,1.0000000,0.00,43.66667,3.000000,0.02302267000,57.3066700,1.0000000,0.0000000,1.0000000,1.5000000,3.0000000,1.0000000,5.0000000
646,1.0000000,0.00,32.00000,3.650000,0.00608219200,17.6666700,1.0000000,0.0000000,2.0000000,1.2166670,20.0000000,1.0000000,17.0000000
647,1.0000000,0.00,45.75000,4.500000,0.03987022000,149.0967000,1.0000000,0.0000000,2.0000000,1.5000000,132.0000000,1.0000000,9.0000000
648,1.0000000,1.00,37.66667,2.000000,0.06080750000,101.2625000,1.0000000,0.0000000,3.0000000,0.5000000,42.0000000,1.0000000,3.0000000
649,1.0000000,0.00,42.83333,3.541200,0.18345620000,541.2958000,1.0000000,0.0000000,6.0000000,0.5058857,108.0000000,1.0000000,15.0000000
650,1.0000000,0.00,28.33333,6.200000,0.06892936000,355.9683000,1.0000000,0.0000000,0.0000000,6.2000000,18.0000000,1.0000000,9.0000000
651,1.0000000,0.00,30.66667,3.800000,0.03251895000,102.9767000,0.0000000,0.0000000,0.0000000,3.8000000,26.0000000,0.0000000,1.0000000
652,1.0000000,0.00,21.83333,2.080000,0.11742310000,203.3667000,0.0000000,0.0000000,0.0000000,2.0800000,5.0000000,1.0000000,0.0000000
653,1.0000000,0.00,40.00000,5.500000,0.33445960000,"1,532.7730000",1.0000000,0.0000000,4.0000000,1.1000000,74.0000000,1.0000000,19.0000000
654,1.0000000,1.00,18.66667,1.660000,0.05687590000,78.4283400,1.0000000,0.0000000,0.0000000,1.6600000,51.0000000,1.0000000,2.0000000
655,1.0000000,0.00,38.16667,4.018800,0.16492730000,552.3417000,0.0000000,0.0000000,3.0000000,1.0047000,102.0000000,0.0000000,3.0000000
656,1.0000000,0.00,36.91667,4.500000,0.08238000000,308.9250000,1.0000000,0.0000000,0.0000000,4.5000000,60.0000000,1.0000000,16.0000000
657,1.0000000,0.00,43.83333,3.900000,0.01558974000,50.0833300,1.0000000,0.0000000,3.0000000,0.9750000,179.0000000,1.0000000,6.0000000
658,1.0000000,0.00,54.08333,4.000000,0.01336725000,43.9741700,1.0000000,0.0000000,1.0000000,2.0000000,188.0000000,1.0000000,13.0000000
659,1.0000000,0.00,30.25000,2.550000,0.03532235000,74.7266700,1.0000000,0.0000000,1.0000000,1.2750000,11.0000000,1.0000000,0.0000000
660,1.0000000,1.00,47.00000,3.842500,0.00658425500,20.2500000,1.0000000,0.0000000,2.0000000,1.2808330,233.0000000,1.0000000,16.0000000
661,1.0000000,0.00,29.16667,2.500000,0.07672560000,159.5950000,0.0000000,0.0000000,0.0000000,2.5000000,7.0000000,1.0000000,21.0000000
662,0.0000000,,39.16667,4.024800,0.00000000000,0.0000000,0.0000000,0.0000000,1.0000000,2.0124000,84.0000000,1.0000000,4.0000000
663,1.0000000,0.00,31.00000,5.112000,0.02974648000,126.3867000,1.0000000,0.0000000,2.0000000,1.7040000,16.0000000,1.0000000,19.0000000
664,1.0000000,0.00,27.83333,5.000000,0.02897680000,120.4033000,1.0000000,0.0000000,1.0000000,2.5000000,24.0000000,1.0000000,0.0000000
665,1.0000000,0.00,34.50000,6.200000,0.18403820000,950.8641000,1.0000000,0.0000000,0.0000000,6.2000000,60.0000000,1.0000000,11.0000000
666,1.0000000,0.00,42.08333,3.900000,0.03221615000,104.5358000,0.0000000,0.0000000,0.0000000,3.9000000,78.0000000,1.0000000,2.0000000
667,0.0000000,,25.25000,1.600000,0.00000000000,0.0000000,0.0000000,0.0000000,0.0000000,1.6000000,12.0000000,1.0000000,0.0000000
668,1.0000000,0.00,28.83333,3.600000,0.04339778000,130.0267000,1.0000000,1.0000000,0.0000000,3.6000000,56.0000000,1.0000000,10.0000000
669,1.0000000,0.00,35.50000,6.500000,0.06759800000,365.9058000,1.0000000,0.0000000,0.0000000,6.5000000,6.0000000,1.0000000,0.0000000
670,1.0000000,0.00,27.75000,7.000000,0.11058490000,644.8283000,1.0000000,0.0000000,0.0000000,7.0000000,0.0000000,1.0000000,13.0000000
671,1.0000000,0.00,32.66667,3.650000,0.53836490000,"1,637.5270000",1.0000000,0.0000000,1.0000000,1.8250000,32.0000000,1.0000000,7.0000000
672,1.0000000,0.00,21.83333,1.680000,0.11190480000,156.5833000,0.0000000,0.0000000,0.0000000,1.6800000,18.0000000,0.0000000,2.0000000
673,0.0000000,,24.00000,3.000000,0.00000000000,0.0000000,0.0000000,0.0000000,0.0000000,3.0000000,24.0000000,1.0000000,4.0000000
674,1.0000000,0.00,19.50000,2.980000,0.00040268460,0.0000000,0.0000000,0.0000000,0.0000000,2.9800000,18.0000000,1.0000000,0.0000000
675,1.0000000,0.00,38.91667,3.680000,0.01952256000,59.6191700,1.0000000,0.0000000,3.0000000,0.9200000,44.0000000,1.0000000,11.0000000
676,1.0000000,0.00,25.08333,3.520000,0.02107955000,61.1666700,0.0000000,0.0000000,0.0000000,3.5200000,15.0000000,1.0000000,3.0000000
677,1.0000000,1.00,30.66667,2.740000,0.01856679000,42.3108300,1.0000000,0.0000000,3.0000000,0.6850000,76.0000000,1.0000000,8.0000000
678,1.0000000,0.00,46.33333,4.200000,0.00884166600,30.4458300,1.0000000,0.0000000,1.0000000,2.1000000,216.0000000,1.0000000,27.0000000
679,0.0000000,,23.08333,1.725000,0.00000000000,0.0000000,0.0000000,0.0000000,0.0000000,1.7250000,204.0000000,0.0000000,5.0000000
680,1.0000000,0.00,21.66667,2.160000,0.11062870000,198.5483000,1.0000000,0.0000000,0.0000000,2.1600000,18.0000000,1.0000000,7.0000000
681,0.0000000,,37.58333,9.000000,0.00000000000,0.0000000,0.0000000,0.0000000,0.0000000,9.0000000,132.0000000,1.0000000,0.0000000
682,1.0000000,0.00,24.00000,3.095000,0.06985880000,180.1775000,1.0000000,0.0000000,1.0000000,1.5475000,12.0000000,1.0000000,23.0000000
683,1.0000000,0.00,34.83333,4.000000,0.25825150000,860.7550000,0.0000000,1.0000000,0.0000000,4.0000000,204.0000000,0.0000000,6.0000000
684,1.0000000,0.00,30.75000,3.374000,0.01200622000,33.5075000,1.0000000,0.0000000,0.0000000,3.3740000,10.0000000,1.0000000,9.0000000
685,0.0000000,,36.41667,5.200000,0.00000000000,0.0000000,1.0000000,0.0000000,2.0000000,1.7333330,12.0000000,1.0000000,0.0000000
686,1.0000000,0.00,43.08333,7.800000,0.00668551300,43.0391700,1.0000000,0.0000000,0.0000000,7.8000000,60.0000000,0.0000000,2.0000000
687,1.0000000,1.00,43.75000,3.500000,0.13290340000,387.2183000,1.0000000,0.0000000,3.0000000,0.8750000,180.0000000,0.0000000,19.0000000
688,1.0000000,0.00,30.50000,2.650000,0.03147661000,69.4275000,0.0000000,0.0000000,3.0000000,0.6625000,36.0000000,1.0000000,9.0000000
689,1.0000000,0.00,34.66667,4.800000,0.06658583000,266.3433000,1.0000000,0.0000000,3.0000000,1.2000000,15.0000000,1.0000000,0.0000000
690,1.0000000,0.00,38.33333,2.600000,0.00480769200,9.5833330,0.0000000,0.0000000,0.0000000,2.6000000,12.0000000,1.0000000,1.0000000
691,0.0000000,,35.58333,4.000000,0.00000000000,0.0000000,0.0000000,0.0000000,0.0000000,4.0000000,29.0000000,0.0000000,5.0000000
692,1.0000000,0.00,39.75000,2.420000,0.01701942000,34.1558300,1.0000000,0.0000000,1.0000000,1.2100000,49.0000000,1.0000000,25.0000000
693,1.0000000,0.00,26.50000,2.350000,0.00051063830,0.0000000,0.0000000,0.0000000,0.0000000,2.3500000,36.0000000,1.0000000,11.0000000
694,1.0000000,0.00,52.16667,5.000000,0.02049780000,85.2408300,1.0000000,0.0000000,1.0000000,2.5000000,201.0000000,0.0000000,16.0000000
695,1.0000000,0.00,23.83333,1.560000,0.38600190000,501.8025000,0.0000000,0.0000000,0.0000000,1.5600000,33.0000000,0.0000000,1.0000000
696,1.0000000,0.00,30.16667,3.100000,0.18164420000,469.2475000,1.0000000,0.0000000,2.0000000,1.0333330,40.0000000,1.0000000,15.0000000
697,0.0000000,,36.58333,2.520000,0.00000000000,0.0000000,1.0000000,0.0000000,0.0000000,2.5200000,77.0000000,1.0000000,9.0000000
698,1.0000000,0.00,49.66667,2.700000,0.08877037000,199.7333000,1.0000000,0.0000000,0.0000000,2.7000000,120.0000000,0.0000000,3.0000000
699,1.0000000,0.00,27.58333,2.760000,0.01036232000,23.2500000,0.0000000,0.0000000,0.0000000,2.7600000,30.0000000,1.0000000,1.0000000
700,1.0000000,0.00,21.91667,1.950000,0.03838103000,61.9525000,0.0000000,0.0000000,0.0000000,1.9500000,40.0000000,0.0000000,4.0000000
701,1.0000000,0.00,28.41667,2.800000,0.01421429000,32.6666700,0.0000000,0.0000000,0.0000000,2.8000000,27.0000000,1.0000000,19.0000000
702,1.0000000,0.00,31.75000,2.007000,0.09045292000,151.0325000,0.0000000,0.0000000,1.0000000,1.0035000,4.0000000,1.0000000,0.0000000
703,1.0000000,0.00,29.41667,4.100000,0.04264756000,145.3792000,0.0000000,0.0000000,0.0000000,4.1000000,13.0000000,1.0000000,0.0000000
704,1.0000000,0.00,41.66667,3.000000,0.05293967000,131.7658000,1.0000000,0.0000000,0.0000000,3.0000000,166.0000000,1.0000000,7.0000000
705,1.0000000,1.00,33.50000,3.374800,0.17582820000,494.4875000,0.0000000,0.0000000,1.0000000,1.6874000,66.0000000,1.0000000,15.0000000
706,1.0000000,0.00,25.08333,2.854200,0.13623190000,324.0275000,0.0000000,1.0000000,1.0000000,1.4271000,42.0000000,1.0000000,3.0000000
707,1.0000000,0.00,22.00000,2.700000,0.03544926000,79.5108300,0.0000000,0.0000000,0.0000000,2.7000000,3.0000000,1.0000000,0.0000000
708,1.0000000,0.00,34.33333,6.000000,0.01726200000,86.2266700,1.0000000,0.0000000,1.0000000,3.0000000,48.0000000,1.0000000,5.0000000
709,1.0000000,0.00,25.50000,2.800000,0.19800210000,461.9217000,0.0000000,0.0000000,0.0000000,2.8000000,66.0000000,1.0000000,3.0000000
710,0.0000000,,28.16667,1.800000,0.00000000000,0.0000000,0.0000000,1.0000000,2.0000000,0.6000000,26.0000000,1.0000000,2.0000000
711,1.0000000,0.00,40.58333,4.600000,0.02651261000,101.2983000,1.0000000,0.0000000,2.0000000,1.5333330,1.0000000,1.0000000,2.0000000
712,1.0000000,0.00,42.00000,6.300000,0.04065079000,213.0000000,1.0000000,0.0000000,4.0000000,1.2600000,72.0000000,1.0000000,20.0000000
713,1.0000000,0.00,32.33333,5.100000,0.10135900000,430.6925000,1.0000000,0.0000000,0.0000000,5.1000000,38.0000000,1.0000000,10.0000000
714,1.0000000,0.00,42.41667,4.200000,0.02501619000,87.3066600,1.0000000,0.0000000,4.0000000,0.8400000,36.0000000,1.0000000,14.0000000
715,1.0000000,0.00,27.25000,3.500000,0.06670286000,194.4667000,0.0000000,0.0000000,0.0000000,3.5000000,6.0000000,1.0000000,0.0000000
716,1.0000000,0.00,39.58333,4.810000,0.01105884000,43.7441700,1.0000000,0.0000000,1.0000000,2.4050000,8.0000000,1.0000000,9.0000000
717,0.0000000,,27.66667,2.120000,0.00000000000,0.0000000,0.0000000,0.0000000,0.0000000,2.1200000,44.0000000,1.0000000,10.0000000
718,1.0000000,0.00,28.41667,2.500000,0.19337800000,402.7875000,1.0000000,0.0000000,0.0000000,2.5000000,18.0000000,1.0000000,7.0000000
719,1.0000000,0.00,34.08333,3.500000,0.06167429000,179.7167000,1.0000000,0.0000000,0.0000000,3.5000000,24.0000000,0.0000000,10.0000000
720,0.0000000,,36.91667,3.500000,0.00000000000,0.0000000,1.0000000,0.0000000,2.0000000,1.1666670,60.0000000,1.0000000,7.0000000
721,1.0000000,0.00,25.75000,4.000000,0.02699800000,89.8266700,0.0000000,0.0000000,0.0000000,4.0000000,60.0000000,0.0000000,5.0000000
722,1.0000000,0.00,53.50000,1.500000,0.00080000000,0.0000000,1.0000000,0.0000000,0.0000000,1.5000000,57.0000000,0.0000000,6.0000000
723,1.0000000,0.00,33.00000,3.248000,0.02089871000,56.1491700,0.0000000,0.0000000,2.0000000,1.0826670,144.0000000,0.0000000,2.0000000
724,1.0000000,0.00,48.25000,3.700000,0.11161860000,344.1575000,1.0000000,0.0000000,2.0000000,1.2333330,2.0000000,1.0000000,0.0000000
725,1.0000000,0.00,40.00000,3.624000,0.01570033000,47.0816700,1.0000000,0.0000000,3.0000000,0.9060000,124.0000000,1.0000000,19.0000000
726,1.0000000,0.00,23.58333,3.900000,0.01830487000,58.9908300,0.0000000,0.0000000,1.0000000,1.9500000,14.0000000,1.0000000,7.0000000
727,1.0000000,0.00,21.00000,2.100000,0.07551762000,131.9892000,1.0000000,0.0000000,0.0000000,2.1000000,194.0000000,1.0000000,5.0000000
728,1.0000000,0.00,34.83333,3.000000,0.12637700000,315.9425000,0.0000000,0.0000000,6.0000000,0.4285714,12.0000000,0.0000000,16.0000000
729,0.0000000,,26.25000,2.300000,0.00000000000,0.0000000,0.0000000,0.0000000,0.0000000,2.3000000,66.0000000,1.0000000,3.0000000
730,1.0000000,0.00,33.66667,4.500000,0.00415555600,15.0000000,1.0000000,0.0000000,4.0000000,0.9000000,58.0000000,1.0000000,5.0000000
731,1.0000000,0.00,35.00000,3.900000,0.05496077000,178.4558000,1.0000000,0.0000000,2.0000000,1.3000000,36.0000000,1.0000000,7.0000000
732,1.0000000,0.00,33.33333,2.100000,0.13083760000,228.9658000,0.0000000,0.0000000,0.0000000,2.1000000,6.0000000,0.0000000,0.0000000
733,1.0000000,0.00,24.25000,3.750000,0.09367893000,292.6633000,0.0000000,0.0000000,0.0000000,3.7500000,18.0000000,1.0000000,11.0000000
734,1.0000000,0.00,38.08333,4.000000,0.00921750000,29.9750000,1.0000000,0.0000000,0.0000000,4.0000000,16.0000000,1.0000000,8.0000000
735,1.0000000,0.00,22.00000,4.000000,0.04805850000,160.0283000,1.0000000,0.0000000,0.0000000,4.0000000,27.0000000,1.0000000,4.0000000
736,1.0000000,0.00,19.58333,1.650000,0.07904787000,108.6075000,0.0000000,0.0000000,0.0000000,1.6500000,37.0000000,1.0000000,8.0000000
737,1.0000000,1.00,30.58333,3.305000,0.00668683800,17.5833300,0.0000000,0.0000000,0.0000000,3.3050000,19.0000000,1.0000000,12.0000000
738,0.0000000,,29.08333,2.860000,0.00000000000,0.0000000,0.0000000,0.0000000,0.0000000,2.8600000,38.0000000,1.0000000,0.0000000
739,1.0000000,0.00,25.33333,1.560000,0.03501987000,44.9425000,0.0000000,0.0000000,1.0000000,0.7800000,12.0000000,1.0000000,0.0000000
740,1.0000000,0.00,25.41667,1.560000,0.16606280000,215.8817000,0.0000000,0.0000000,0.0000000,1.5600000,12.0000000,1.0000000,0.0000000
741,1.0000000,0.00,27.16667,2.280000,0.01492807000,27.7800000,0.0000000,0.0000000,3.0000000,0.5700000,36.0000000,1.0000000,5.0000000
742,1.0000000,0.00,41.50000,3.800000,0.08315605000,263.3275000,0.0000000,0.0000000,0.0000000,3.8000000,67.0000000,1.0000000,4.0000000
743,1.0000000,1.00,44.91667,5.800000,0.03635741000,175.6442000,1.0000000,0.0000000,2.0000000,1.9333330,148.0000000,1.0000000,16.0000000
744,1.0000000,0.00,45.66667,2.308000,0.22003990000,423.1267000,0.0000000,0.0000000,1.0000000,1.1540000,94.0000000,1.0000000,5.0000000
745,1.0000000,0.00,42.75000,4.560000,0.04965899000,188.6208000,0.0000000,0.0000000,0.0000000,4.5600000,144.0000000,1.0000000,11.0000000
746,1.0000000,1.00,24.16667,3.250000,0.12853480000,347.9483000,0.0000000,0.0000000,0.0000000,3.2500000,12.0000000,0.0000000,5.0000000
747,1.0000000,0.00,35.91667,2.620000,0.21540310000,470.2967000,1.0000000,0.0000000,1.0000000,1.3100000,6.0000000,0.0000000,9.0000000
748,1.0000000,0.00,22.41667,3.994600,0.07619161000,253.6292000,0.0000000,0.0000000,0.0000000,3.9946000,268.0000000,1.0000000,2.0000000
749,0.0000000,,38.50000,5.970000,0.00000000000,0.0000000,1.0000000,0.0000000,1.0000000,2.9850000,3.0000000,1.0000000,19.0000000
750,0.0000000,,25.83333,1.970000,0.00000000000,0.0000000,0.0000000,0.0000000,0.0000000,1.9700000,7.0000000,1.0000000,6.0000000
751,1.0000000,0.00,39.41667,2.400000,0.19229460000,384.1725000,0.0000000,0.0000000,1.0000000,1.2000000,96.0000000,1.0000000,7.0000000
752,1.0000000,0.00,34.91667,5.000000,0.42584540000,"1,774.3560000",1.0000000,0.0000000,3.0000000,1.2500000,36.0000000,1.0000000,7.0000000
753,1.0000000,0.00,22.83333,3.500000,0.04541571000,132.1292000,0.0000000,1.0000000,0.0000000,3.5000000,8.0000000,1.0000000,3.0000000
754,1.0000000,0.00,28.75000,7.000000,0.10835240000,631.9725000,1.0000000,1.0000000,0.0000000,7.0000000,12.0000000,1.0000000,5.0000000
755,1.0000000,1.00,27.75000,2.040000,0.21459950000,364.8192000,0.0000000,0.0000000,0.0000000,2.0400000,24.0000000,1.0000000,10.0000000
756,1.0000000,0.00,54.41667,1.500000,0.01661133000,20.1808300,0.0000000,0.0000000,0.0000000,1.5000000,24.0000000,0.0000000,1.0000000
757,0.0000000,,23.25000,1.620000,0.00000000000,0.0000000,0.0000000,0.0000000,0.0000000,1.6200000,32.0000000,1.0000000,7.0000000
758,1.0000000,0.00,57.66667,2.500000,0.05074000000,105.1250000,1.0000000,0.0000000,0.0000000,2.5000000,24.0000000,1.0000000,13.0000000
759,1.0000000,0.00,22.58333,2.200000,0.07661773000,140.2992000,0.0000000,0.0000000,0.0000000,2.2000000,9.0000000,1.0000000,3.0000000
760,1.0000000,0.00,26.50000,3.000000,0.04865566000,121.5558000,1.0000000,0.0000000,0.0000000,3.0000000,12.0000000,1.0000000,4.0000000
761,1.0000000,0.00,49.16667,1.700000,0.00070588230,0.0000000,0.0000000,0.0000000,1.0000000,0.8500000,14.0000000,0.0000000,6.0000000
762,1.0000000,1.00,35.83333,2.400000,0.07171500000,143.3467000,1.0000000,0.0000000,0.0000000,2.4000000,27.0000000,1.0000000,18.0000000
763,1.0000000,0.00,29.41667,3.650000,0.08789534000,267.3483000,0.0000000,0.0000000,0.0000000,3.6500000,24.0000000,1.0000000,17.0000000
764,0.0000000,,42.00000,3.400000,0.00000000000,0.0000000,1.0000000,0.0000000,3.0000000,0.8500000,5.0000000,1.0000000,9.0000000
765,0.0000000,,31.08333,3.000000,0.00000000000,0.0000000,1.0000000,0.0000000,2.0000000,1.0000000,51.0000000,1.0000000,2.0000000
766,1.0000000,0.00,39.08333,4.200000,0.00655452400,22.3575000,1.0000000,0.0000000,0.0000000,4.2000000,24.0000000,1.0000000,5.0000000
767,1.0000000,0.00,46.00000,5.500000,0.05487727000,251.5208000,1.0000000,0.0000000,2.0000000,1.8333330,161.0000000,1.0000000,7.0000000
768,0.0000000,,22.66667,2.500000,0.00000000000,0.0000000,0.0000000,0.0000000,0.0000000,2.5000000,27.0000000,1.0000000,0.0000000
769,1.0000000,0.00,24.66667,2.275000,0.04983472000,94.1450000,1.0000000,0.0000000,2.0000000,0.7583333,31.0000000,1.0000000,6.0000000
770,1.0000000,0.00,20.08333,1.740000,0.19194660000,277.9892000,0.0000000,0.0000000,0.0000000,1.7400000,8.0000000,1.0000000,11.0000000
771,1.0000000,1.00,29.83333,3.700000,0.59577600000,"1,836.9760000",0.0000000,0.0000000,0.0000000,3.7000000,24.0000000,1.0000000,7.0000000
772,1.0000000,0.00,23.83333,2.350000,0.06976553000,136.0408000,0.0000000,0.0000000,0.0000000,2.3500000,25.0000000,1.0000000,9.0000000
773,1.0000000,0.00,49.16667,5.200000,0.14652600000,634.8625000,1.0000000,0.0000000,1.0000000,2.6000000,303.0000000,1.0000000,11.0000000
774,1.0000000,0.00,40.00000,2.311500,0.02862341000,54.9691700,0.0000000,0.0000000,1.0000000,1.1557500,158.0000000,1.0000000,9.0000000
775,1.0000000,0.00,61.08333,5.372600,0.04957879000,221.8892000,1.0000000,1.0000000,0.0000000,5.3726000,12.0000000,1.0000000,0.0000000
776,0.0000000,,40.08333,4.400000,0.00000000000,0.0000000,1.0000000,0.0000000,1.0000000,2.2000000,84.0000000,1.0000000,15.0000000
777,1.0000000,1.00,48.33333,3.000000,0.03187233000,79.1758300,1.0000000,1.0000000,0.0000000,3.0000000,180.0000000,1.0000000,12.0000000
778,0.0000000,,41.16667,4.740000,0.00000000000,0.0000000,1.0000000,0.0000000,0.0000000,4.7400000,13.0000000,1.0000000,0.0000000
779,1.0000000,0.00,30.00000,3.500000,0.35278660000,"1,028.9610000",1.0000000,0.0000000,0.0000000,3.5000000,6.0000000,0.0000000,2.0000000
780,0.0000000,,31.91667,2.100000,0.00000000000,0.0000000,0.0000000,0.0000000,2.0000000,0.7000000,60.0000000,1.0000000,2.0000000
781,1.0000000,0.00,27.16667,2.600000,0.87784610000,"1,902.0000000",0.0000000,0.0000000,0.0000000,2.6000000,4.0000000,1.0000000,7.0000000
782,1.0000000,0.00,19.08333,2.600000,0.13165620000,285.2550000,0.0000000,0.0000000,0.0000000,2.6000000,87.0000000,1.0000000,2.0000000
783,1.0000000,0.00,31.91667,4.400000,0.04042523000,148.0592000,1.0000000,0.0000000,2.0000000,1.4666670,72.0000000,1.0000000,8.0000000
784,1.0000000,0.00,20.16667,2.100000,0.15384950000,269.1533000,0.0000000,0.0000000,1.0000000,1.0500000,27.0000000,0.0000000,6.0000000
785,1.0000000,0.00,34.75000,7.000000,0.05023986000,293.0658000,1.0000000,0.0000000,3.0000000,1.7500000,3.0000000,1.0000000,0.0000000
786,1.0000000,0.00,26.66667,2.216000,0.03075632000,56.4633300,0.0000000,0.0000000,0.0000000,2.2160000,10.0000000,1.0000000,2.0000000
787,1.0000000,0.00,27.25000,3.180000,0.09087579000,240.8208000,0.0000000,0.0000000,2.0000000,1.0600000,12.0000000,0.0000000,0.0000000
788,1.0000000,0.00,26.25000,3.000000,0.12437500000,310.9375000,1.0000000,0.0000000,0.0000000,3.0000000,7.0000000,1.0000000,10.0000000
789,1.0000000,0.00,31.75000,10.999900,0.01070092000,97.4241600,0.0000000,0.0000000,0.0000000,10.9999000,12.0000000,1.0000000,0.0000000
790,1.0000000,0.00,34.91667,2.100000,0.05904476000,103.3283000,0.0000000,0.0000000,2.0000000,0.7000000,49.0000000,1.0000000,4.0000000
791,1.0000000,0.00,41.25000,3.600000,0.15252360000,457.4875000,1.0000000,0.0000000,3.0000000,0.9000000,68.0000000,1.0000000,10.0000000
792,1.0000000,0.00,24.91667,2.938000,0.02812798000,68.5333300,0.0000000,0.0000000,0.0000000,2.9380000,14.0000000,1.0000000,0.0000000
793,1.0000000,0.00,21.25000,1.750000,0.19323890000,281.8067000,0.0000000,0.0000000,0.0000000,1.7500000,6.0000000,0.0000000,3.0000000
794,0.0000000,,32.83333,5.000000,0.00000000000,0.0000000,0.0000000,1.0000000,0.0000000,5.0000000,14.0000000,1.0000000,0.0000000
795,1.0000000,0.00,26.50000,2.700000,0.04111704000,92.2633400,0.0000000,0.0000000,0.0000000,2.7000000,18.0000000,1.0000000,0.0000000
796,0.0000000,,31.00000,4.010400,0.00000000000,0.0000000,0.0000000,0.0000000,0.0000000,4.0104000,42.0000000,1.0000000,0.0000000
797,1.0000000,0.00,36.00000,3.000000,0.12184900000,304.6225000,0.0000000,0.0000000,1.0000000,1.5000000,180.0000000,1.0000000,5.0000000
798,1.0000000,0.00,33.08333,3.260000,0.05273589000,143.0158000,0.0000000,0.0000000,0.0000000,3.2600000,37.0000000,1.0000000,18.0000000
799,1.0000000,0.00,24.66667,1.632000,0.17542460000,238.3275000,0.0000000,0.0000000,1.0000000,0.8160000,4.0000000,1.0000000,5.0000000
800,1.0000000,0.00,41.41667,3.500000,0.00314285700,8.3333330,0.0000000,0.0000000,1.0000000,1.7500000,120.0000000,1.0000000,9.0000000
801,1.0000000,0.00,40.75000,5.000000,0.12099140000,503.5475000,0.0000000,0.0000000,0.0000000,5.0000000,38.0000000,1.0000000,19.0000000
802,1.0000000,0.00,39.66667,3.000000,0.12753730000,318.5100000,1.0000000,0.0000000,0.0000000,3.0000000,72.0000000,1.0000000,9.0000000
803,0.0000000,,24.83333,2.800000,0.00000000000,0.0000000,0.0000000,0.0000000,0.0000000,2.8000000,12.0000000,1.0000000,7.0000000
804,1.0000000,0.00,28.00000,3.100000,0.22489260000,580.9725000,1.0000000,0.0000000,0.0000000,3.1000000,15.0000000,1.0000000,5.0000000
805,1.0000000,0.00,31.58333,6.500000,0.11130850000,602.9208000,1.0000000,0.0000000,2.0000000,2.1666670,12.0000000,1.0000000,6.0000000
806,1.0000000,0.00,25.25000,1.760000,0.13755110000,201.6583000,0.0000000,0.0000000,0.0000000,1.7600000,28.0000000,1.0000000,12.0000000
807,0.0000000,,25.91667,4.000000,0.00000000000,0.0000000,0.0000000,0.0000000,0.0000000,4.0000000,36.0000000,0.0000000,5.0000000
808,1.0000000,0.00,42.66667,5.140000,0.00894941700,37.5833300,1.0000000,0.0000000,2.0000000,1.7133330,13.0000000,1.0000000,17.0000000
809,0.0000000,,40.50000,3.570000,0.00000000000,0.0000000,0.0000000,1.0000000,0.0000000,3.5700000,31.0000000,1.0000000,7.0000000
810,1.0000000,0.00,19.83333,3.000000,0.00040000000,0.0000000,0.0000000,0.0000000,0.0000000,3.0000000,49.0000000,1.0000000,3.0000000
811,1.0000000,0.00,51.75000,3.800000,0.01511711000,47.7875000,1.0000000,0.0000000,1.0000000,1.9000000,51.0000000,1.0000000,5.0000000
812,1.0000000,0.00,22.50000,2.535000,0.10133250000,214.0650000,1.0000000,0.0000000,2.0000000,0.8450000,23.0000000,1.0000000,9.0000000
813,1.0000000,0.00,36.50000,3.500000,0.21717030000,633.4133000,1.0000000,0.0000000,0.0000000,3.5000000,95.0000000,1.0000000,17.0000000
814,1.0000000,0.00,61.16667,5.000000,0.04570340000,190.4308000,1.0000000,0.0000000,2.0000000,1.6666670,6.0000000,0.0000000,0.0000000
815,0.0000000,,27.50000,1.850000,0.00000000000,0.0000000,0.0000000,0.0000000,0.0000000,1.8500000,24.0000000,1.0000000,12.0000000
816,1.0000000,0.00,22.00000,2.700000,0.04682963000,105.2833000,0.0000000,0.0000000,0.0000000,2.7000000,15.0000000,1.0000000,7.0000000
817,1.0000000,0.00,41.83333,2.750000,0.01907200000,43.2066700,1.0000000,0.0000000,1.0000000,1.3750000,136.0000000,0.0000000,9.0000000
818,0.0000000,,43.16667,5.320000,0.00000000000,0.0000000,1.0000000,0.0000000,5.0000000,0.8866667,110.0000000,1.0000000,7.0000000
819,1.0000000,0.00,28.33333,2.600000,0.05487154000,118.7217000,0.0000000,0.0000000,0.0000000,2.6000000,33.0000000,1.0000000,4.0000000
820,0.0000000,,25.91667,2.070000,0.00000000000,0.0000000,0.0000000,0.0000000,0.0000000,2.0700000,20.0000000,0.0000000,7.0000000
821,1.0000000,0.00,20.83333,2.000000,0.00475000000,7.0833330,1.0000000,1.0000000,0.0000000,2.0000000,18.0000000,0.0000000,3.0000000
822,1.0000000,0.00,52.41667,1.890000,0.02392328000,37.4291600,0.0000000,0.0000000,0.0000000,1.8900000,240.0000000,1.0000000,6.0000000
823,0.0000000,,22.00000,2.100000,0.00000000000,0.0000000,1.0000000,0.0000000,0.0000000,2.1000000,209.0000000,1.0000000,10.0000000
824,1.0000000,0.00,25.91667,3.700000,0.08436351000,260.1208000,1.0000000,0.0000000,0.0000000,3.7000000,236.0000000,1.0000000,6.0000000
825,1.0000000,0.00,34.08333,4.850000,0.04899547000,198.0233000,1.0000000,0.0000000,2.0000000,1.6166670,114.0000000,1.0000000,12.0000000
826,1.0000000,0.00,29.91667,1.510000,0.05125828000,63.9166700,0.0000000,0.0000000,1.0000000,0.7550000,7.0000000,0.0000000,1.0000000
827,1.0000000,0.00,31.08333,2.800000,0.08684428000,202.4700000,1.0000000,0.0000000,3.0000000,0.7000000,15.0000000,1.0000000,17.0000000
828,0.0000000,,23.91667,3.192000,0.00000000000,0.0000000,0.0000000,0.0000000,3.0000000,0.7980000,12.0000000,1.0000000,5.0000000
829,0.0000000,,38.00000,1.709500,0.00000000000,0.0000000,0.0000000,0.0000000,2.0000000,0.5698333,42.0000000,1.0000000,2.0000000
830,1.0000000,0.00,42.91667,4.000000,0.07213325000,240.2775000,0.0000000,0.0000000,2.0000000,1.3333330,180.0000000,1.0000000,9.0000000
831,1.0000000,0.00,19.16667,1.900000,0.28296210000,448.0233000,0.0000000,0.0000000,0.0000000,1.9000000,192.0000000,0.0000000,1.0000000
832,1.0000000,0.00,54.41667,9.000000,0.06282978000,470.9733000,1.0000000,0.0000000,3.0000000,2.2500000,147.0000000,1.0000000,6.0000000
833,1.0000000,0.00,23.83333,2.970000,0.08264108000,204.5367000,0.0000000,0.0000000,0.0000000,2.9700000,4.0000000,1.0000000,7.0000000
834,1.0000000,0.00,44.00000,5.800000,0.07990742000,386.0525000,1.0000000,0.0000000,4.0000000,1.1600000,25.0000000,1.0000000,16.0000000
835,1.0000000,0.00,26.58333,2.200000,0.05078546000,93.1066700,0.0000000,0.0000000,0.0000000,2.2000000,144.0000000,1.0000000,10.0000000
836,0.0000000,,37.25000,3.500000,0.00000000000,0.0000000,1.0000000,0.0000000,2.0000000,1.1666670,15.0000000,1.0000000,9.0000000
837,1.0000000,0.00,23.16667,2.850000,0.08745825000,207.7133000,1.0000000,0.0000000,1.0000000,1.4250000,50.0000000,0.0000000,8.0000000
838,1.0000000,0.00,34.16667,2.370000,0.05412025000,106.7208000,1.0000000,0.0000000,0.0000000,2.3700000,38.0000000,1.0000000,13.0000000
839,0.0000000,,28.50000,2.000000,0.00000000000,0.0000000,0.0000000,0.0000000,3.0000000,0.5000000,0.0000000,1.0000000,2.0000000
840,1.0000000,0.00,22.08333,1.566000,0.07067624000,91.7325000,0.0000000,0.0000000,0.0000000,1.5660000,18.0000000,1.0000000,1.0000000
841,1.0000000,0.00,27.08333,1.890000,0.04420053000,69.0325000,0.0000000,0.0000000,0.0000000,1.8900000,51.0000000,1.0000000,12.0000000
842,1.0000000,0.00,23.50000,1.830000,0.07156994000,108.9775000,0.0000000,0.0000000,1.0000000,0.9150000,12.0000000,0.0000000,10.0000000
843,0.0000000,,35.50000,2.900000,0.00000000000,0.0000000,0.0000000,0.0000000,1.0000000,1.4500000,102.0000000,1.0000000,21.0000000
844,1.0000000,0.00,39.83333,1.712300,0.09307130000,132.4717000,0.0000000,0.0000000,0.0000000,1.7123000,72.0000000,1.0000000,0.0000000
845,1.0000000,0.00,23.75000,3.000000,0.11728330000,293.0417000,0.0000000,0.0000000,0.0000000,3.0000000,14.0000000,1.0000000,0.0000000
846,1.0000000,0.00,25.41667,2.700000,0.06417074000,144.3842000,1.0000000,0.0000000,1.0000000,1.3500000,17.0000000,1.0000000,8.0000000
847,0.0000000,,32.58333,2.160000,0.00000000000,0.0000000,1.0000000,0.0000000,1.0000000,1.0800000,38.0000000,0.0000000,8.0000000
848,1.0000000,0.00,39.75000,2.450000,0.07149510000,145.7192000,1.0000000,0.0000000,3.0000000,0.6125000,38.0000000,1.0000000,8.0000000
849,1.0000000,0.00,27.33333,3.287500,0.03242008000,88.8175000,0.0000000,0.0000000,1.0000000,1.6437500,54.0000000,1.0000000,12.0000000
850,1.0000000,0.00,25.33333,2.400000,0.10664620000,213.2925000,0.0000000,0.0000000,0.0000000,2.4000000,5.0000000,1.0000000,10.0000000
851,1.0000000,0.00,29.08333,4.010000,0.00274314200,8.3333330,0.0000000,0.0000000,0.0000000,4.0100000,120.0000000,1.0000000,15.0000000
852,1.0000000,0.00,31.50000,5.905000,0.02519390000,123.8917000,0.0000000,0.0000000,1.0000000,2.9525000,12.0000000,1.0000000,2.0000000
853,1.0000000,0.00,61.08333,4.320000,0.03697246000,132.8508000,1.0000000,0.0000000,1.0000000,2.1600000,252.0000000,0.0000000,0.0000000
854,1.0000000,0.00,49.00000,3.300000,0.04070939000,111.6175000,1.0000000,0.0000000,0.0000000,3.3000000,252.0000000,1.0000000,0.0000000
855,1.0000000,0.00,27.83333,1.990000,0.06038794000,100.1433000,1.0000000,0.0000000,1.0000000,0.9950000,12.0000000,1.0000000,5.0000000
856,1.0000000,1.00,29.50000,2.080000,0.03545144000,61.1991700,1.0000000,0.0000000,2.0000000,0.6933333,12.0000000,1.0000000,11.0000000
857,1.0000000,0.00,55.25000,4.900000,0.06697714000,273.4900000,1.0000000,0.0000000,2.0000000,1.6333330,96.0000000,1.0000000,17.0000000
858,1.0000000,1.00,26.00000,7.000000,0.22152900000,"1,292.0030000",0.0000000,1.0000000,0.0000000,7.0000000,13.0000000,1.0000000,31.0000000
859,1.0000000,0.00,24.58333,2.200000,0.06938273000,127.1183000,1.0000000,0.0000000,0.0000000,2.2000000,229.0000000,0.0000000,1.0000000
860,0.0000000,,26.75000,4.900000,0.00000000000,0.0000000,0.0000000,0.0000000,2.0000000,1.6333330,6.0000000,1.0000000,0.0000000
861,0.0000000,,52.75000,3.100000,0.00000000000,0.0000000,1.0000000,0.0000000,2.0000000,1.0333330,75.0000000,1.0000000,9.0000000
862,1.0000000,0.00,26.08333,3.500000,0.08595000000,250.5208000,0.0000000,0.0000000,0.0000000,3.5000000,52.0000000,1.0000000,2.0000000
863,1.0000000,0.00,26.75000,2.150000,0.03427907000,61.3333300,0.0000000,0.0000000,0.0000000,2.1500000,10.0000000,0.0000000,4.0000000
864,1.0000000,0.00,30.41667,4.150000,0.15053250000,520.3417000,0.0000000,0.0000000,1.0000000,2.0750000,16.0000000,1.0000000,4.0000000
865,1.0000000,1.00,48.75000,2.700000,0.00044444440,0.0000000,0.0000000,1.0000000,0.0000000,2.7000000,120.0000000,1.0000000,3.0000000
866,0.0000000,,23.91667,1.636000,0.00000000000,0.0000000,0.0000000,0.0000000,1.0000000,0.8180000,13.0000000,1.0000000,0.0000000
867,1.0000000,1.00,36.33333,3.850000,0.01171896000,37.0150000,0.0000000,0.0000000,1.0000000,1.9250000,36.0000000,1.0000000,8.0000000
868,1.0000000,0.00,25.66667,5.500000,0.15350690000,703.4067000,1.0000000,0.0000000,1.0000000,2.7500000,30.0000000,1.0000000,13.0000000
869,1.0000000,0.00,26.83333,2.320000,0.00758620700,14.0000000,0.0000000,0.0000000,0.0000000,2.3200000,2.0000000,1.0000000,0.0000000
870,1.0000000,1.00,38.58333,4.000000,0.11395980000,379.8658000,0.0000000,0.0000000,0.0000000,4.0000000,120.0000000,1.0000000,8.0000000
871,1.0000000,0.00,34.00000,2.205000,0.04400998000,80.8683300,1.0000000,0.0000000,2.0000000,0.7350000,4.0000000,1.0000000,10.0000000
872,1.0000000,0.00,37.66667,4.520000,0.03326991000,124.9833000,1.0000000,0.0000000,3.0000000,1.1300000,54.0000000,1.0000000,12.0000000
873,1.0000000,0.00,27.08333,2.522400,0.23543650000,494.8875000,0.0000000,0.0000000,1.0000000,1.2612000,100.0000000,1.0000000,3.0000000
874,1.0000000,0.00,21.66667,1.560000,0.00076923080,0.0000000,0.0000000,0.0000000,0.0000000,1.5600000,12.0000000,1.0000000,2.0000000
875,1.0000000,0.00,45.58333,13.500000,0.01031111000,115.4167000,1.0000000,0.0000000,2.0000000,4.5000000,126.0000000,1.0000000,9.0000000
876,1.0000000,0.00,26.41667,2.800000,0.09217250000,215.0692000,0.0000000,0.0000000,1.0000000,1.4000000,12.0000000,1.0000000,16.0000000
877,1.0000000,0.00,22.83333,2.500000,0.40286440000,839.3008000,0.0000000,0.0000000,0.0000000,2.5000000,4.0000000,1.0000000,1.0000000
878,0.0000000,,43.25000,5.000000,0.00000000000,0.0000000,1.0000000,1.0000000,4.0000000,1.0000000,144.0000000,1.0000000,11.0000000
879,1.0000000,0.00,27.33333,2.150000,0.27038460000,484.4392000,0.0000000,0.0000000,0.0000000,2.1500000,6.0000000,1.0000000,12.0000000
880,1.0000000,0.00,39.41667,1.560000,0.04665384000,60.0666700,0.0000000,0.0000000,0.0000000,1.5600000,25.0000000,1.0000000,3.0000000
881,0.0000000,,44.83333,2.600000,0.00000000000,0.0000000,1.0000000,0.0000000,0.0000000,2.6000000,48.0000000,1.0000000,1.0000000
882,1.0000000,0.00,31.58333,2.550000,0.14290550000,303.6742000,0.0000000,0.0000000,1.0000000,1.2750000,60.0000000,1.0000000,7.0000000
883,1.0000000,0.00,26.58333,2.200000,0.07969773000,145.6958000,0.0000000,0.0000000,0.0000000,2.2000000,30.0000000,1.0000000,3.0000000
884,1.0000000,0.00,24.33333,2.400000,0.18131920000,362.6383000,0.0000000,0.0000000,0.0000000,2.4000000,16.0000000,1.0000000,0.0000000
885,1.0000000,0.00,26.75000,5.770000,0.07547747000,362.7542000,1.0000000,0.0000000,1.0000000,2.8850000,13.0000000,1.0000000,11.0000000
886,1.0000000,0.00,32.41667,2.750000,0.37678440000,862.9642000,1.0000000,0.0000000,2.0000000,0.9166667,27.0000000,1.0000000,9.0000000
887,0.0000000,,35.16667,1.500000,0.00000000000,0.0000000,0.0000000,0.0000000,1.0000000,0.7500000,7.0000000,1.0000000,9.0000000
888,1.0000000,0.00,25.83333,3.500000,0.05449200000,158.6017000,0.0000000,0.0000000,0.0000000,3.5000000,34.0000000,0.0000000,2.0000000
889,0.0000000,,40.00000,4.987500,0.00000000000,0.0000000,1.0000000,0.0000000,2.0000000,1.6625000,32.0000000,1.0000000,16.0000000
890,1.0000000,0.00,39.58333,2.500000,0.19221480000,400.4475000,0.0000000,0.0000000,0.0000000,2.5000000,12.0000000,1.0000000,4.0000000
891,1.0000000,0.00,29.25000,2.510000,0.04510837000,94.2683300,0.0000000,0.0000000,1.0000000,1.2550000,12.0000000,0.0000000,0.0000000
892,0.0000000,,30.16667,2.400000,0.00000000000,0.0000000,0.0000000,1.0000000,2.0000000,0.8000000,72.0000000,1.0000000,11.0000000
893,1.0000000,1.00,32.66667,6.000000,0.09483000000,474.1500000,1.0000000,0.0000000,0.0000000,6.0000000,48.0000000,1.0000000,6.0000000
894,1.0000000,0.00,25.66667,2.000000,0.00490000000,7.4166670,0.0000000,0.0000000,0.0000000,2.0000000,26.0000000,1.0000000,13.0000000
895,1.0000000,1.00,37.33333,3.900000,0.09168360000,297.9717000,0.0000000,0.0000000,0.0000000,3.9000000,51.0000000,1.0000000,4.0000000
896,1.0000000,0.00,28.91667,2.100000,0.13849240000,242.1950000,0.0000000,0.0000000,2.0000000,0.7000000,24.0000000,1.0000000,7.0000000
897,0.0000000,,24.58333,2.200000,0.00000000000,0.0000000,0.0000000,0.0000000,0.0000000,2.2000000,6.0000000,1.0000000,8.0000000
898,1.0000000,0.00,47.41667,3.600000,0.03811111000,113.7500000,1.0000000,1.0000000,2.0000000,1.2000000,120.0000000,1.0000000,12.0000000
899,1.0000000,0.00,35.25000,3.700000,0.12215160000,376.6342000,1.0000000,0.0000000,1.0000000,1.8500000,12.0000000,1.0000000,0.0000000
900,1.0000000,1.00,29.16667,2.580000,0.16802090000,361.1617000,0.0000000,0.0000000,0.0000000,2.5800000,6.0000000,1.0000000,12.0000000
901,0.0000000,,30.33333,2.300000,0.00000000000,0.0000000,0.0000000,1.0000000,3.0000000,0.5750000,15.0000000,1.0000000,9.0000000
902,1.0000000,0.00,37.33333,5.920000,0.03028024000,149.2992000,1.0000000,0.0000000,2.0000000,1.9733330,48.0000000,1.0000000,7.0000000
903,1.0000000,0.00,40.41667,5.430000,0.00750607700,33.2150000,0.0000000,0.0000000,0.0000000,5.4300000,14.0000000,1.0000000,11.0000000
904,0.0000000,,34.66667,3.300000,0.00000000000,0.0000000,0.0000000,0.0000000,3.0000000,0.8250000,48.0000000,0.0000000,3.0000000
905,1.0000000,0.00,26.08333,2.230000,0.05652018000,104.7833000,0.0000000,0.0000000,0.0000000,2.2300000,12.0000000,1.0000000,1.0000000
906,0.0000000,,32.08333,2.716100,0.00000000000,0.0000000,0.0000000,0.0000000,1.0000000,1.3580500,60.0000000,0.0000000,10.0000000
907,0.0000000,,25.58333,1.750000,0.00000000000,0.0000000,0.0000000,0.0000000,0.0000000,1.7500000,108.0000000,0.0000000,0.0000000
908,1.0000000,0.00,22.00000,3.290500,0.01756572000,48.0833300,0.0000000,0.0000000,2.0000000,1.0968330,21.0000000,1.0000000,5.0000000
909,1.0000000,0.00,41.08333,4.500000,0.14313330000,536.2500000,1.0000000,0.0000000,2.0000000,1.5000000,6.0000000,1.0000000,10.0000000
910,1.0000000,0.00,28.16667,3.500000,0.11196570000,326.5667000,1.0000000,0.0000000,2.0000000,1.1666670,48.0000000,0.0000000,7.0000000
911,0.0000000,,25.41667,1.500000,0.00000000000,0.0000000,0.0000000,1.0000000,4.0000000,0.3000000,48.0000000,0.0000000,1.0000000
912,1.0000000,0.00,40.33333,2.500000,0.05090160000,105.9617000,0.0000000,0.0000000,1.0000000,1.2500000,24.0000000,1.0000000,2.0000000
913,1.0000000,1.00,54.66667,7.290000,0.10653610000,647.2067000,1.0000000,0.0000000,2.0000000,2.4300000,78.0000000,1.0000000,9.0000000
914,1.0000000,0.00,22.25000,1.500000,0.05860800000,73.1766700,0.0000000,0.0000000,0.0000000,1.5000000,64.0000000,1.0000000,6.0000000
915,0.0000000,,40.58333,3.100000,0.00000000000,0.0000000,1.0000000,0.0000000,1.0000000,1.5500000,66.0000000,1.0000000,5.0000000
916,1.0000000,0.00,21.58333,3.120000,0.03396795000,88.2333300,0.0000000,0.0000000,0.0000000,3.1200000,56.0000000,1.0000000,3.0000000
917,1.0000000,0.00,30.16667,2.800000,0.16438570000,383.5667000,0.0000000,0.0000000,0.0000000,2.8000000,12.0000000,1.0000000,6.0000000
918,1.0000000,0.00,24.83333,2.400000,0.26509000000,530.1800000,0.0000000,0.0000000,1.0000000,1.2000000,24.0000000,1.0000000,13.0000000
919,1.0000000,0.00,33.83333,3.500000,0.02189943000,63.4566700,1.0000000,0.0000000,0.0000000,3.5000000,12.0000000,1.0000000,8.0000000
920,1.0000000,0.00,67.16666,4.469200,0.00214803500,7.0833330,0.0000000,0.0000000,1.0000000,2.2346000,36.0000000,1.0000000,1.0000000
921,0.0000000,,28.00000,1.500000,0.00000000000,0.0000000,0.0000000,0.0000000,1.0000000,0.7500000,5.0000000,0.0000000,0.0000000
922,0.0000000,,30.00000,1.730000,0.00000000000,0.0000000,1.0000000,0.0000000,1.0000000,0.8650000,42.0000000,0.0000000,12.0000000
923,1.0000000,0.00,22.08333,1.650000,0.04985151000,68.5458300,0.0000000,0.0000000,0.0000000,1.6500000,36.0000000,1.0000000,3.0000000
924,1.0000000,0.00,36.58333,7.000000,0.01020614000,59.1191700,1.0000000,0.0000000,3.0000000,1.7500000,18.0000000,1.0000000,5.0000000
925,0.0000000,,39.58333,0.490000,0.00000000000,0.0000000,1.0000000,0.0000000,2.0000000,0.1633333,100.0000000,1.0000000,0.0000000
926,1.0000000,0.00,47.58333,5.040000,0.05146786000,216.1650000,0.0000000,0.0000000,3.0000000,1.2600000,47.0000000,1.0000000,9.0000000
927,0.0000000,,24.58333,1.680000,0.00000000000,0.0000000,0.0000000,0.0000000,2.0000000,0.5600000,2.0000000,1.0000000,8.0000000
928,1.0000000,0.00,23.00000,3.200000,0.01710906000,45.1241700,0.0000000,0.0000000,0.0000000,3.2000000,14.0000000,1.0000000,0.0000000
929,1.0000000,0.00,27.25000,3.264000,0.02482904000,67.2016700,0.0000000,0.0000000,0.0000000,3.2640000,16.0000000,1.0000000,5.0000000
930,0.0000000,,36.33333,2.950000,0.00000000000,0.0000000,0.0000000,0.0000000,1.0000000,1.4750000,72.0000000,1.0000000,3.0000000
931,1.0000000,0.00,43.91667,2.800000,0.04662429000,108.6233000,1.0000000,0.0000000,0.0000000,2.8000000,147.0000000,1.0000000,1.0000000
932,1.0000000,0.00,28.16667,4.375000,0.02481051000,89.9550000,1.0000000,0.0000000,1.0000000,2.1875000,84.0000000,0.0000000,1.0000000
933,0.0000000,,41.75000,3.500000,0.00000000000,0.0000000,1.0000000,0.0000000,2.0000000,1.1666670,38.0000000,1.0000000,19.0000000
934,1.0000000,0.00,44.50000,9.000000,0.25999270000,"1,949.8620000",0.0000000,0.0000000,2.0000000,3.0000000,4.0000000,1.0000000,7.0000000
935,0.0000000,,30.16667,4.160000,0.00000000000,0.0000000,1.0000000,1.0000000,2.0000000,1.3866670,37.0000000,1.0000000,15.0000000
936,1.0000000,0.00,20.50000,2.000000,0.03843100000,63.5516700,0.0000000,0.0000000,0.0000000,2.0000000,111.0000000,1.0000000,6.0000000
937,1.0000000,0.00,28.75000,2.500000,0.01238000000,25.2916700,1.0000000,0.0000000,0.0000000,2.5000000,27.0000000,1.0000000,16.0000000
938,1.0000000,0.00,29.08333,2.200000,0.00054545460,0.0000000,0.0000000,0.0000000,0.0000000,2.2000000,9.0000000,1.0000000,0.0000000
939,1.0000000,0.00,29.33333,2.400000,0.02494458000,49.5558300,0.0000000,0.0000000,0.0000000,2.4000000,30.0000000,1.0000000,4.0000000
940,1.0000000,0.00,30.33333,2.450000,0.05832653000,119.0000000,0.0000000,0.0000000,0.0000000,2.4500000,8.0000000,1.0000000,0.0000000
941,1.0000000,0.00,25.33333,3.240000,0.02563117000,68.8708300,0.0000000,0.0000000,0.0000000,3.2400000,30.0000000,1.0000000,19.0000000
942,0.0000000,,25.16667,2.534000,0.00000000000,0.0000000,0.0000000,0.0000000,0.0000000,2.5340000,14.0000000,1.0000000,3.0000000
943,1.0000000,0.00,34.16667,2.616000,0.03886773000,84.7316700,0.0000000,0.0000000,2.0000000,0.8720000,3.0000000,1.0000000,12.0000000
944,1.0000000,0.00,34.83333,3.600000,0.03882722000,116.3150000,1.0000000,1.0000000,4.0000000,0.7200000,48.0000000,1.0000000,8.0000000
945,0.0000000,,28.58333,3.120000,0.00000000000,0.0000000,0.0000000,0.0000000,0.0000000,3.1200000,13.0000000,0.0000000,7.0000000
946,1.0000000,1.00,41.83333,5.000000,0.15010820000,625.3675000,1.0000000,0.0000000,3.0000000,1.2500000,84.0000000,1.0000000,7.0000000
947,1.0000000,0.00,42.08333,2.680000,0.14302840000,319.4300000,0.0000000,0.0000000,1.0000000,1.3400000,84.0000000,1.0000000,0.0000000
948,1.0000000,0.00,26.08333,2.500000,0.06376240000,132.5883000,1.0000000,0.0000000,0.0000000,2.5000000,14.0000000,1.0000000,13.0000000
949,0.0000000,,30.83333,4.350000,0.00000000000,0.0000000,0.0000000,0.0000000,0.0000000,4.3500000,28.0000000,1.0000000,5.0000000
950,1.0000000,1.00,55.33333,3.700000,0.05220054000,160.4517000,1.0000000,0.0000000,1.0000000,1.8500000,300.0000000,1.0000000,4.0000000
951,1.0000000,0.00,27.91667,2.520000,0.08961231000,188.1858000,0.0000000,0.0000000,1.0000000,1.2600000,12.0000000,1.0000000,0.0000000
952,1.0000000,0.00,31.66667,3.200000,0.01378125000,36.2500000,0.0000000,0.0000000,1.0000000,1.6000000,12.0000000,1.0000000,1.0000000
953,1.0000000,0.00,43.83333,3.250000,0.05890216000,159.3600000,1.0000000,0.0000000,2.0000000,1.0833330,109.0000000,1.0000000,6.0000000
954,1.0000000,0.00,46.25000,2.000000,0.00685000000,10.5833300,1.0000000,0.0000000,0.0000000,2.0000000,76.0000000,1.0000000,1.0000000
955,1.0000000,0.00,36.41667,3.000000,0.11305870000,282.5633000,0.0000000,0.0000000,2.0000000,1.0000000,16.0000000,1.0000000,6.0000000
956,0.0000000,,37.41667,7.000000,0.00000000000,0.0000000,1.0000000,0.0000000,4.0000000,1.4000000,120.0000000,1.0000000,10.0000000
957,1.0000000,1.00,46.00000,10.032000,0.01013447000,84.3908300,1.0000000,0.0000000,2.0000000,3.3440000,134.0000000,1.0000000,15.0000000
958,1.0000000,0.00,44.08333,4.000000,0.02011975000,66.7325000,1.0000000,1.0000000,2.0000000,1.3333330,120.0000000,1.0000000,12.0000000
959,1.0000000,0.00,30.58333,2.512000,0.00262738900,4.5833330,0.0000000,1.0000000,3.0000000,0.6280000,36.0000000,0.0000000,4.0000000
960,1.0000000,0.00,39.50000,3.000000,0.01623100000,40.3275000,1.0000000,0.0000000,3.0000000,0.7500000,14.0000000,1.0000000,9.0000000
961,1.0000000,0.00,33.75000,5.000000,0.05017340000,209.0558000,1.0000000,0.0000000,3.0000000,1.2500000,10.0000000,1.0000000,10.0000000
962,1.0000000,0.00,32.83333,1.320000,0.03875531000,42.6308300,0.0000000,0.0000000,1.0000000,0.6600000,6.0000000,1.0000000,2.0000000
963,1.0000000,1.00,36.16667,7.800000,0.01210897000,78.5416600,1.0000000,0.0000000,1.0000000,3.9000000,24.0000000,1.0000000,18.0000000
964,1.0000000,0.00,47.83333,3.113100,0.02505766000,64.7558400,0.0000000,0.0000000,0.0000000,3.1131000,7.0000000,1.0000000,16.0000000
965,1.0000000,1.00,28.25000,2.300000,0.03489609000,66.3008300,1.0000000,0.0000000,1.0000000,1.1500000,24.0000000,1.0000000,14.0000000
966,1.0000000,0.00,38.33333,5.000000,0.05724760000,238.3650000,1.0000000,0.0000000,3.0000000,1.2500000,9.0000000,1.0000000,0.0000000
967,1.0000000,0.00,26.50000,3.360000,0.00262529800,6.5175000,0.0000000,0.0000000,0.0000000,3.3600000,12.0000000,1.0000000,4.0000000
968,1.0000000,0.00,32.16667,9.786700,0.06705059000,546.5033000,1.0000000,0.0000000,2.0000000,3.2622330,64.0000000,1.0000000,5.0000000
969,1.0000000,0.00,38.75000,3.200000,0.01478031000,38.9975000,1.0000000,0.0000000,2.0000000,1.0666670,24.0000000,1.0000000,19.0000000
970,1.0000000,1.00,33.91667,2.000000,0.90632050000,"1,510.5340000",0.0000000,0.0000000,0.0000000,2.0000000,12.0000000,1.0000000,5.0000000
971,1.0000000,0.00,45.75000,4.400000,0.00486363700,17.0833300,1.0000000,0.0000000,3.0000000,1.1000000,12.0000000,1.0000000,18.0000000
972,0.0000000,,31.08333,4.200000,0.00000000000,0.0000000,0.0000000,0.0000000,3.0000000,1.0500000,52.0000000,0.0000000,19.0000000
973,0.0000000,,25.66667,1.850400,0.00000000000,0.0000000,0.0000000,0.0000000,0.0000000,1.8504000,14.0000000,1.0000000,0.0000000
974,1.0000000,0.00,27.75000,4.600000,0.10574390000,405.3517000,1.0000000,0.0000000,4.0000000,0.9200000,28.0000000,1.0000000,13.0000000
975,1.0000000,0.00,31.08333,5.100000,0.16966120000,721.0600000,1.0000000,0.0000000,3.0000000,1.2750000,15.0000000,1.0000000,9.0000000
976,0.0000000,,38.66667,3.000000,0.00000000000,0.0000000,0.0000000,0.0000000,0.0000000,3.0000000,36.0000000,0.0000000,2.0000000
977,1.0000000,0.00,26.33333,2.450000,0.05493143000,111.8183000,0.0000000,0.0000000,0.0000000,2.4500000,6.0000000,1.0000000,11.0000000
978,0.0000000,,34.25000,2.400000,0.00000000000,0.0000000,0.0000000,0.0000000,0.0000000,2.4000000,27.0000000,1.0000000,2.0000000
979,0.0000000,,27.58333,2.350000,0.00000000000,0.0000000,0.0000000,0.0000000,3.0000000,0.5875000,6.0000000,1.0000000,0.0000000
980,1.0000000,0.00,37.16667,2.000000,0.02692800000,44.4633300,0.0000000,0.0000000,1.0000000,1.0000000,38.0000000,0.0000000,3.0000000
981,0.0000000,,47.00000,2.350000,0.00000000000,0.0000000,0.0000000,0.0000000,0.0000000,2.3500000,159.0000000,1.0000000,4.0000000
982,1.0000000,0.00,24.08333,2.300000,0.03099000000,59.1475000,0.0000000,0.0000000,0.0000000,2.3000000,12.0000000,1.0000000,0.0000000
983,1.0000000,0.00,25.08333,7.500000,0.04870107000,304.3817000,1.0000000,0.0000000,0.0000000,7.5000000,300.0000000,1.0000000,8.0000000
984,1.0000000,0.00,27.66667,2.600000,0.07505192000,162.4458000,0.0000000,0.0000000,2.0000000,0.8666667,60.0000000,1.0000000,6.0000000
985,0.0000000,,26.50000,2.000000,0.00000000000,0.0000000,1.0000000,0.0000000,2.0000000,0.6666666,60.0000000,1.0000000,7.0000000
986,1.0000000,1.00,40.16667,2.000000,0.25482750000,424.6292000,1.0000000,0.0000000,1.0000000,1.0000000,121.0000000,1.0000000,10.0000000
987,1.0000000,0.00,39.25000,3.406400,0.06364079000,180.6550000,0.0000000,1.0000000,1.0000000,1.7032000,120.0000000,1.0000000,7.0000000
988,1.0000000,0.00,41.58333,3.820000,0.14516360000,462.0208000,0.0000000,0.0000000,2.0000000,1.2733330,36.0000000,1.0000000,2.0000000
989,0.0000000,,28.16667,2.600000,0.00000000000,0.0000000,1.0000000,0.0000000,2.0000000,0.8666667,31.0000000,1.0000000,3.0000000
990,1.0000000,0.00,41.66667,2.700000,0.04356111000,97.5125000,1.0000000,0.0000000,2.0000000,0.9000000,28.0000000,1.0000000,11.0000000
991,1.0000000,0.00,35.16667,2.200000,0.13344730000,244.6533000,1.0000000,0.0000000,1.0000000,1.1000000,13.0000000,1.0000000,9.0000000
992,1.0000000,0.00,51.66667,2.500000,0.01939760000,39.9116700,1.0000000,0.0000000,0.0000000,2.5000000,138.0000000,0.0000000,3.0000000
993,1.0000000,0.00,37.66667,2.385000,0.16764990000,332.7042000,1.0000000,1.0000000,0.0000000,2.3850000,168.0000000,1.0000000,13.0000000
994,0.0000000,,27.41667,1.640000,0.00000000000,0.0000000,0.0000000,0.0000000,0.0000000,1.6400000,104.0000000,1.0000000,0.0000000
995,1.0000000,0.00,35.83333,1.882900,0.13644750000,214.0975000,0.0000000,0.0000000,1.0000000,0.9414500,3.0000000,1.0000000,12.0000000
996,1.0000000,0.00,26.08333,2.350000,0.04285106000,83.0833400,0.0000000,0.0000000,1.0000000,1.1750000,30.0000000,0.0000000,2.0000000
997,1.0000000,0.00,24.50000,2.100000,0.32134810000,562.3592000,0.0000000,0.0000000,0.0000000,2.1000000,28.0000000,1.0000000,5.0000000
998,1.0000000,0.00,45.66667,5.800000,0.03306483000,159.7300000,1.0000000,0.0000000,0.0000000,5.8000000,118.0000000,1.0000000,6.0000000
999,1.0000000,0.00,33.83333,1.800000,0.11325110000,169.8767000,0.0000000,0.0000000,0.0000000,1.8000000,4.0000000,1.0000000,8.0000000
1000,0.0000000,,34.00000,2.487500,0.00000000000,0.0000000,0.0000000,0.0000000,1.0000000,1.2437500,87.0000000,1.0000000,3.0000000
1001,1.0000000,0.00,37.41667,2.500000,0.02983320000,61.7358300,1.0000000,0.0000000,2.0000000,0.8333333,120.0000000,0.0000000,4.0000000
1002,1.0000000,0.00,18.50000,2.500000,0.21153160000,440.6908000,0.0000000,0.0000000,0.0000000,2.5000000,4.0000000,0.0000000,1.0000000
1003,1.0000000,0.00,41.08333,2.000000,0.00550000000,8.3333330,1.0000000,0.0000000,0.0000000,2.0000000,9.0000000,0.0000000,4.0000000
1004,1.0000000,0.00,33.08333,3.500000,0.05705314000,166.2383000,0.0000000,0.0000000,0.0000000,3.5000000,26.0000000,1.0000000,1.0000000
1005,1.0000000,0.00,39.41667,3.100000,0.16969030000,438.3667000,1.0000000,0.0000000,2.0000000,1.0333330,18.0000000,1.0000000,3.0000000
1006,1.0000000,0.00,29.25000,1.800000,0.08336612000,124.6325000,0.0000000,0.0000000,0.0000000,1.8000000,51.0000000,1.0000000,3.0000000
1007,1.0000000,0.00,60.25000,2.800000,0.04372321000,101.8542000,1.0000000,0.0000000,3.0000000,0.7000000,232.0000000,1.0000000,7.0000000
1008,1.0000000,0.00,23.33333,2.700000,0.16861410000,379.2983000,0.0000000,0.0000000,0.0000000,2.7000000,2.0000000,1.0000000,0.0000000
1009,0.0000000,,69.75000,1.800000,0.00000000000,0.0000000,1.0000000,0.0000000,0.0000000,1.8000000,528.0000000,0.0000000,5.0000000
1010,1.0000000,0.00,32.58333,1.814200,0.05414067000,81.4350000,1.0000000,0.0000000,0.0000000,1.8142000,9.0000000,1.0000000,22.0000000
1011,1.0000000,1.00,29.83333,2.450000,0.10851960000,220.8942000,0.0000000,0.0000000,2.0000000,0.8166667,84.0000000,1.0000000,13.0000000
1012,1.0000000,1.00,60.08333,6.100000,0.09434820000,479.4367000,1.0000000,0.0000000,1.0000000,3.0500000,244.0000000,1.0000000,14.0000000
1013,0.0000000,,40.00000,2.400000,0.00000000000,0.0000000,0.0000000,0.0000000,0.0000000,2.4000000,72.0000000,1.0000000,6.0000000
1014,0.0000000,,30.41667,2.600000,0.00000000000,0.0000000,0.0000000,0.0000000,0.0000000,2.6000000,228.0000000,1.0000000,14.0000000
1015,0.0000000,,23.00000,2.400000,0.00000000000,0.0000000,0.0000000,0.0000000,0.0000000,2.4000000,1.0000000,1.0000000,0.0000000
1016,1.0000000,0.00,21.91667,2.400000,0.23263920000,465.1950000,1.0000000,0.0000000,1.0000000,1.2000000,168.0000000,1.0000000,4.0000000
1017,1.0000000,0.00,24.41667,1.900000,0.27312160000,432.3592000,0.0000000,0.0000000,0.0000000,1.9000000,19.0000000,1.0000000,6.0000000
1018,1.0000000,0.00,18.75000,1.968000,0.06387195000,103.9167000,0.0000000,0.0000000,0.0000000,1.9680000,64.0000000,0.0000000,1.0000000
1019,1.0000000,0.00,45.83333,3.480000,0.06486379000,188.1050000,1.0000000,1.0000000,1.0000000,1.7400000,16.0000000,1.0000000,21.0000000
1020,1.0000000,0.00,31.58333,3.000000,0.21361770000,533.6275000,0.0000000,0.0000000,0.0000000,3.0000000,7.0000000,1.0000000,1.0000000
1021,0.0000000,,25.33333,2.640000,0.00000000000,0.0000000,0.0000000,0.0000000,0.0000000,2.6400000,24.0000000,1.0000000,33.0000000
1022,1.0000000,0.00,34.75000,2.000000,0.00330000000,4.5833330,1.0000000,0.0000000,2.0000000,0.6666666,38.0000000,1.0000000,6.0000000
1023,0.0000000,,24.91667,6.000000,0.00000000000,0.0000000,0.0000000,0.0000000,2.0000000,2.0000000,17.0000000,1.0000000,2.0000000
1024,1.0000000,0.00,24.66667,3.400000,0.05114029000,144.3975000,0.0000000,0.0000000,0.0000000,3.4000000,12.0000000,1.0000000,8.0000000
1025,1.0000000,0.00,25.00000,1.880400,0.00297809000,3.7500000,0.0000000,0.0000000,0.0000000,1.8804000,4.0000000,1.0000000,5.0000000
1026,1.0000000,0.00,31.16667,2.000000,0.12356150000,205.9358000,1.0000000,0.0000000,1.0000000,1.0000000,42.0000000,0.0000000,6.0000000
1027,0.0000000,,23.25000,1.434000,0.00000000000,0.0000000,1.0000000,0.0000000,0.0000000,1.4340000,12.0000000,1.0000000,6.0000000
1028,1.0000000,0.00,30.58333,1.800000,0.01989944000,29.5158300,0.0000000,0.0000000,0.0000000,1.8000000,6.0000000,1.0000000,10.0000000
1029,1.0000000,0.00,29.00000,2.700000,0.00044444440,0.0000000,0.0000000,0.0000000,0.0000000,2.7000000,24.0000000,1.0000000,20.0000000
1030,1.0000000,0.00,41.16667,3.200000,0.12581940000,335.4350000,1.0000000,0.0000000,1.0000000,1.6000000,168.0000000,1.0000000,22.0000000
1031,1.0000000,0.00,29.08333,5.000000,0.16197820000,674.9092000,1.0000000,0.0000000,4.0000000,1.0000000,3.0000000,1.0000000,0.0000000
1032,1.0000000,0.00,22.50000,1.800000,0.11961060000,178.9158000,0.0000000,0.0000000,0.0000000,1.8000000,6.0000000,0.0000000,2.0000000
1033,1.0000000,0.00,31.50000,2.470000,0.09478866000,195.0233000,0.0000000,0.0000000,3.0000000,0.6175000,94.0000000,1.0000000,2.0000000
1034,1.0000000,1.00,29.41667,3.200000,0.15671940000,417.8350000,0.0000000,0.0000000,0.0000000,3.2000000,14.0000000,1.0000000,6.0000000
1035,0.0000000,,19.00000,1.970000,0.00000000000,0.0000000,0.0000000,0.0000000,1.0000000,0.9850000,24.0000000,1.0000000,2.0000000
1036,1.0000000,0.00,40.91667,9.999900,0.07620686000,635.0508000,1.0000000,0.0000000,3.0000000,2.4999750,120.0000000,1.0000000,17.0000000
1037,1.0000000,0.00,28.16667,2.000000,0.06025000000,100.4167000,1.0000000,0.0000000,1.0000000,1.0000000,38.0000000,0.0000000,8.0000000
1038,1.0000000,0.00,44.50000,2.950000,0.20084070000,493.7333000,0.0000000,0.0000000,0.0000000,2.9500000,180.0000000,1.0000000,13.0000000
1039,1.0000000,0.00,55.08333,6.700000,0.07986075000,445.8058000,1.0000000,0.0000000,0.0000000,6.7000000,35.0000000,1.0000000,0.0000000
1040,0.0000000,,21.50000,1.560000,0.00000000000,0.0000000,1.0000000,0.0000000,0.0000000,1.5600000,1.0000000,1.0000000,12.0000000
1041,1.0000000,1.00,23.25000,2.200000,0.23453910000,429.9050000,1.0000000,0.0000000,0.0000000,2.2000000,228.0000000,0.0000000,9.0000000
1042,1.0000000,0.00,31.00000,2.600000,0.08419270000,182.1675000,0.0000000,0.0000000,0.0000000,2.6000000,5.0000000,1.0000000,0.0000000
1043,1.0000000,1.00,48.66667,6.000000,0.17701720000,885.0858000,1.0000000,0.0000000,3.0000000,1.5000000,114.0000000,1.0000000,19.0000000
1044,1.0000000,0.00,36.00000,4.000000,0.09204050000,306.4683000,1.0000000,0.0000000,0.0000000,4.0000000,12.0000000,1.0000000,11.0000000
1045,1.0000000,1.00,29.16667,2.200000,0.03820546000,69.7933300,0.0000000,0.0000000,0.0000000,2.2000000,49.0000000,1.0000000,7.0000000
1046,0.0000000,,35.41667,2.780000,0.00000000000,0.0000000,0.0000000,0.0000000,0.0000000,2.7800000,6.0000000,1.0000000,0.0000000
1047,1.0000000,0.00,33.66667,3.500000,0.00274285700,7.1666670,0.0000000,0.0000000,0.0000000,3.5000000,12.0000000,1.0000000,0.0000000
1048,1.0000000,0.00,37.16667,3.840000,0.01183750000,37.7133300,0.0000000,0.0000000,3.0000000,0.9600000,10.0000000,1.0000000,0.0000000
1049,1.0000000,0.00,47.16667,7.000000,0.05167186000,301.2525000,1.0000000,0.0000000,1.0000000,3.5000000,144.0000000,1.0000000,8.0000000
1050,0.0000000,,53.00000,2.160000,0.00000000000,0.0000000,0.0000000,1.0000000,0.0000000,2.1600000,74.0000000,0.0000000,5.0000000
1051,1.0000000,0.00,40.33333,2.800000,0.03813821000,88.7391700,0.0000000,0.0000000,3.0000000,0.7000000,19.0000000,0.0000000,0.0000000
1052,1.0000000,1.00,35.00000,9.999900,0.11010590000,917.5400000,1.0000000,0.0000000,0.0000000,9.9999000,72.0000000,1.0000000,29.0000000
1053,1.0000000,0.00,23.25000,1.800000,0.03098167000,46.0558400,0.0000000,0.0000000,1.0000000,0.9000000,4.0000000,0.0000000,0.0000000
1054,0.0000000,,38.75000,4.700000,0.00000000000,0.0000000,1.0000000,0.0000000,3.0000000,1.1750000,36.0000000,1.0000000,8.0000000
1055,1.0000000,0.00,48.91667,3.500000,0.06788800000,197.9233000,1.0000000,0.0000000,0.0000000,3.5000000,48.0000000,1.0000000,9.0000000
1056,1.0000000,0.00,20.66667,2.000000,0.10022400000,167.0400000,0.0000000,0.0000000,0.0000000,2.0000000,14.0000000,1.0000000,1.0000000
1057,1.0000000,0.00,24.25000,1.800000,0.13360280000,200.2375000,1.0000000,0.0000000,0.0000000,1.8000000,151.0000000,1.0000000,5.0000000
1058,1.0000000,0.00,29.33333,3.200000,0.05367281000,142.8775000,0.0000000,0.0000000,0.0000000,3.2000000,36.0000000,0.0000000,6.0000000
1059,0.0000000,,30.33333,3.600000,0.00000000000,0.0000000,0.0000000,0.0000000,0.0000000,3.6000000,108.0000000,1.0000000,16.0000000
1060,1.0000000,0.00,41.08333,2.800000,0.03716286000,86.5466700,1.0000000,0.0000000,0.0000000,2.8000000,48.0000000,0.0000000,6.0000000
1061,1.0000000,0.00,27.16667,2.355800,0.01112149000,21.3333300,1.0000000,0.0000000,2.0000000,0.7852666,6.0000000,1.0000000,5.0000000
1062,1.0000000,0.00,30.83333,3.000000,0.06262900000,156.5725000,1.0000000,0.0000000,2.0000000,1.0000000,72.0000000,1.0000000,8.0000000
1063,1.0000000,0.00,41.66667,5.500000,0.03244491000,148.3725000,1.0000000,0.0000000,3.0000000,1.3750000,9.0000000,1.0000000,0.0000000
1064,1.0000000,0.00,35.33333,4.500000,0.01804822000,67.0975000,1.0000000,0.0000000,1.0000000,2.2500000,14.0000000,1.0000000,0.0000000
1065,1.0000000,0.00,48.16667,1.700000,0.01221235000,16.6341700,1.0000000,0.0000000,0.0000000,1.7000000,108.0000000,1.0000000,18.0000000
1066,1.0000000,0.00,25.66667,2.200000,0.02147727000,38.7083300,1.0000000,0.0000000,1.0000000,1.1000000,26.0000000,1.0000000,7.0000000
1067,1.0000000,0.00,40.08333,4.300000,0.03419023000,122.5150000,0.0000000,0.0000000,0.0000000,4.3000000,108.0000000,1.0000000,4.0000000
1068,1.0000000,0.00,46.25000,6.800000,0.00713808800,40.1991700,1.0000000,1.0000000,0.0000000,6.8000000,48.0000000,1.0000000,2.0000000
1069,1.0000000,0.00,51.91667,6.800000,0.00270588200,14.6666700,0.0000000,0.0000000,0.0000000,6.8000000,38.0000000,0.0000000,5.0000000
1070,1.0000000,0.00,20.41667,2.237500,0.05063821000,93.9191700,0.0000000,0.0000000,0.0000000,2.2375000,27.0000000,1.0000000,1.0000000
1071,0.0000000,,24.75000,2.300000,0.00000000000,0.0000000,0.0000000,0.0000000,0.0000000,2.3000000,24.0000000,1.0000000,12.0000000
1072,1.0000000,1.00,56.91667,3.483800,0.06289540000,182.0958000,1.0000000,0.0000000,0.0000000,3.4838000,540.0000000,1.0000000,7.0000000
1073,1.0000000,0.00,24.00000,2.781100,0.05255475000,121.6333000,0.0000000,0.0000000,0.0000000,2.7811000,3.0000000,1.0000000,0.0000000
1074,1.0000000,0.00,41.58333,2.300000,0.04575044000,87.1050000,1.0000000,0.0000000,0.0000000,2.3000000,42.0000000,1.0000000,12.0000000
1075,1.0000000,0.00,27.83333,3.500000,0.05023229000,146.4275000,1.0000000,0.0000000,2.0000000,1.1666670,17.0000000,1.0000000,11.0000000
1076,1.0000000,1.00,47.50000,3.100000,0.17928450000,463.1517000,0.0000000,0.0000000,0.0000000,3.1000000,24.0000000,1.0000000,15.0000000
1077,1.0000000,1.00,26.58333,2.450000,0.12171710000,248.5058000,0.0000000,0.0000000,0.0000000,2.4500000,5.0000000,1.0000000,15.0000000
1078,0.0000000,,20.58333,1.200000,0.00000000000,0.0000000,0.0000000,1.0000000,1.0000000,0.6000000,24.0000000,1.0000000,0.0000000
1079,0.0000000,,22.50000,2.500000,0.00000000000,0.0000000,0.0000000,0.0000000,3.0000000,0.6250000,30.0000000,0.0000000,0.0000000
1080,0.0000000,,40.50000,4.012800,0.00000000000,0.0000000,0.0000000,0.0000000,1.0000000,2.0064000,12.0000000,1.0000000,17.0000000
1081,0.0000000,,40.91667,3.238800,0.00000000000,0.0000000,0.0000000,0.0000000,0.0000000,3.2388000,50.0000000,1.0000000,16.0000000
1082,0.0000000,,24.58333,1.900000,0.00000000000,0.0000000,0.0000000,0.0000000,1.0000000,0.9500000,14.0000000,0.0000000,4.0000000
1083,0.0000000,,22.91667,2.050000,0.00000000000,0.0000000,0.0000000,0.0000000,0.0000000,2.0500000,42.0000000,0.0000000,4.0000000
1084,1.0000000,0.00,47.16667,1.940000,0.01680412000,26.5000000,0.0000000,0.0000000,0.0000000,1.9400000,10.0000000,0.0000000,13.0000000
1085,1.0000000,0.00,28.08333,3.000000,0.06997000000,174.9250000,0.0000000,0.0000000,0.0000000,3.0000000,18.0000000,1.0000000,11.0000000
1086,1.0000000,0.00,25.08333,3.120000,0.04245641000,110.3033000,0.0000000,0.0000000,2.0000000,1.0400000,3.0000000,1.0000000,6.0000000
1087,0.0000000,,25.16667,2.500000,0.00000000000,0.0000000,0.0000000,1.0000000,1.0000000,1.2500000,30.0000000,1.0000000,18.0000000
1088,1.0000000,1.00,43.25000,6.720000,0.03142812000,175.9975000,1.0000000,0.0000000,3.0000000,1.6800000,30.0000000,1.0000000,27.0000000
1089,1.0000000,0.00,30.75000,4.300000,0.13469510000,482.6575000,1.0000000,0.0000000,4.0000000,0.8600000,16.0000000,1.0000000,7.0000000
1090,1.0000000,0.00,28.16667,3.500000,0.00160000000,3.7500000,1.0000000,0.0000000,1.0000000,1.7500000,31.0000000,1.0000000,7.0000000
1091,1.0000000,0.00,39.75000,3.500000,0.03496943000,101.4942000,1.0000000,0.0000000,0.0000000,3.5000000,12.0000000,1.0000000,0.0000000
1092,0.0000000,,39.33333,2.300400,0.00000000000,0.0000000,0.0000000,1.0000000,0.0000000,2.3004000,46.0000000,1.0000000,3.0000000
1093,1.0000000,0.00,32.08333,2.400000,0.14264130000,285.2825000,1.0000000,0.0000000,0.0000000,2.4000000,96.0000000,0.0000000,8.0000000
1094,1.0000000,0.00,31.33333,2.200000,0.04216182000,77.0466700,1.0000000,0.0000000,2.0000000,0.7333333,17.0000000,1.0000000,16.0000000
1095,0.0000000,,35.08333,1.700000,0.00000000000,0.0000000,0.0000000,0.0000000,0.0000000,1.7000000,90.0000000,1.0000000,10.0000000
1096,1.0000000,0.00,39.58333,2.600000,0.02623077000,56.3333300,1.0000000,0.0000000,3.0000000,0.6500000,70.0000000,1.0000000,9.0000000
1097,1.0000000,0.00,26.41667,4.380000,0.03736278000,136.1242000,1.0000000,0.0000000,5.0000000,0.7300000,24.0000000,1.0000000,6.0000000
1098,1.0000000,0.00,24.91667,2.900000,0.00050862070,0.3125000,1.0000000,0.0000000,0.0000000,2.9000000,60.0000000,1.0000000,8.0000000
1099,0.0000000,,53.66667,4.180000,0.00000000000,0.0000000,0.0000000,0.0000000,1.0000000,2.0900000,288.0000000,1.0000000,2.0000000
1100,1.0000000,1.00,34.08333,8.100000,0.11076590000,747.6700000,1.0000000,1.0000000,3.0000000,2.0250000,36.0000000,1.0000000,15.0000000
1101,1.0000000,0.00,39.58333,8.100000,0.09833618000,663.7692000,1.0000000,0.0000000,3.0000000,2.0250000,43.0000000,1.0000000,13.0000000
1102,0.0000000,,20.91667,2.900000,0.00000000000,0.0000000,0.0000000,0.0000000,0.0000000,2.9000000,36.0000000,1.0000000,3.0000000
1103,1.0000000,0.00,26.41667,3.500000,0.13196540000,384.8992000,0.0000000,0.0000000,2.0000000,1.1666670,12.0000000,1.0000000,0.0000000
1104,1.0000000,0.00,28.00000,2.400000,0.03378250000,67.3983300,0.0000000,0.0000000,1.0000000,1.2000000,24.0000000,1.0000000,4.0000000
1105,1.0000000,0.00,30.33333,2.600000,0.29568620000,640.6533000,1.0000000,0.0000000,0.0000000,2.6000000,25.0000000,1.0000000,4.0000000
1106,1.0000000,0.00,25.33333,3.000000,0.19000730000,475.0183000,0.0000000,0.0000000,0.0000000,3.0000000,10.0000000,0.0000000,0.0000000
1107,1.0000000,0.00,21.25000,2.250000,0.03186978000,59.0891600,0.0000000,0.0000000,0.0000000,2.2500000,15.0000000,1.0000000,1.0000000
1108,0.0000000,,31.25000,1.780000,0.00000000000,0.0000000,0.0000000,0.0000000,0.0000000,1.7800000,14.0000000,1.0000000,0.0000000
1109,0.0000000,,35.16667,3.840000,0.00000000000,0.0000000,0.0000000,0.0000000,0.0000000,3.8400000,38.0000000,0.0000000,2.0000000
1110,1.0000000,0.00,36.25000,2.520000,0.06781389000,142.2425000,0.0000000,0.0000000,2.0000000,0.8400000,53.0000000,0.0000000,3.0000000
1111,0.0000000,,49.75000,3.600000,0.00000000000,0.0000000,0.0000000,0.0000000,2.0000000,1.2000000,12.0000000,0.0000000,0.0000000
1112,1.0000000,0.00,30.66667,3.150000,0.06829016000,179.1783000,1.0000000,0.0000000,1.0000000,1.5750000,19.0000000,1.0000000,9.0000000
1113,1.0000000,0.00,32.16667,2.000000,0.02326900000,38.3650000,0.0000000,0.0000000,2.0000000,0.6666666,24.0000000,1.0000000,4.0000000
1114,1.0000000,0.00,27.91667,2.040000,0.01792304000,30.0525000,1.0000000,0.0000000,2.0000000,0.6800000,38.0000000,1.0000000,4.0000000
1115,0.0000000,,30.08333,3.120000,0.00000000000,0.0000000,0.0000000,0.0000000,2.0000000,1.0400000,12.0000000,0.0000000,5.0000000
1116,1.0000000,0.00,50.91667,1.750000,0.21314860000,310.8417000,0.0000000,0.0000000,0.0000000,1.7500000,36.0000000,1.0000000,1.0000000
1117,1.0000000,0.00,49.83333,0.210000,0.27185710000,47.2416600,1.0000000,0.0000000,2.0000000,0.0700000,42.0000000,1.0000000,1.0000000
1118,1.0000000,0.00,38.41667,5.600000,0.09348410000,436.2592000,1.0000000,0.0000000,4.0000000,1.1200000,114.0000000,0.0000000,7.0000000
1119,1.0000000,0.00,25.16667,1.800000,0.09848222000,147.7233000,0.0000000,0.0000000,0.0000000,1.8000000,1.0000000,0.0000000,9.0000000
1120,1.0000000,0.00,30.83333,2.980000,0.04374329000,108.2958000,0.0000000,0.0000000,3.0000000,0.7450000,36.0000000,1.0000000,9.0000000
1121,1.0000000,0.00,29.08333,4.580000,0.01286856000,48.6150000,0.0000000,0.0000000,0.0000000,4.5800000,50.0000000,1.0000000,7.0000000
1122,0.0000000,,31.00000,3.250000,0.00000000000,0.0000000,0.0000000,0.0000000,1.0000000,1.6250000,72.0000000,1.0000000,7.0000000
1123,1.0000000,0.00,43.58333,4.368100,0.04429271000,160.4792000,1.0000000,0.0000000,2.0000000,1.4560330,110.0000000,1.0000000,10.0000000
1124,1.0000000,0.00,40.16667,1.900000,0.10599580000,167.8267000,1.0000000,0.0000000,3.0000000,0.4750000,108.0000000,1.0000000,17.0000000
1125,0.0000000,,36.83333,3.000000,0.00000000000,0.0000000,1.0000000,0.0000000,1.0000000,1.5000000,12.0000000,1.0000000,16.0000000
1126,1.0000000,0.00,29.58333,2.860000,0.20153430000,480.3233000,0.0000000,0.0000000,0.0000000,2.8600000,47.0000000,1.0000000,1.0000000
1127,0.0000000,,28.33333,2.500000,0.00000000000,0.0000000,0.0000000,0.0000000,0.0000000,2.5000000,82.0000000,1.0000000,0.0000000
1128,1.0000000,0.00,30.58333,3.200000,0.14860190000,396.2717000,1.0000000,0.0000000,2.0000000,1.0666670,12.0000000,0.0000000,7.0000000
1129,0.0000000,,32.08333,2.160000,0.00000000000,0.0000000,0.0000000,0.0000000,0.0000000,2.1600000,42.0000000,0.0000000,0.0000000
1130,1.0000000,0.00,25.25000,2.160000,0.02055556000,36.3333300,0.0000000,0.0000000,0.0000000,2.1600000,38.0000000,0.0000000,2.0000000
1131,1.0000000,0.00,31.83333,4.075000,0.00701447900,22.9866700,1.0000000,0.0000000,1.0000000,2.0375000,101.0000000,1.0000000,9.0000000
1132,1.0000000,1.00,40.83333,3.730000,0.05783512000,179.7708000,1.0000000,0.0000000,1.0000000,1.8650000,151.0000000,1.0000000,7.0000000
1133,1.0000000,0.00,21.41667,2.150000,0.26585070000,476.3158000,0.0000000,0.0000000,0.0000000,2.1500000,30.0000000,1.0000000,0.0000000
1134,1.0000000,0.00,22.16667,3.000000,0.05111367000,127.5342000,0.0000000,0.0000000,0.0000000,3.0000000,120.0000000,1.0000000,11.0000000
1135,1.0000000,0.00,27.25000,1.800000,0.07033833000,105.5075000,1.0000000,0.0000000,2.0000000,0.6000000,6.0000000,1.0000000,4.0000000
1136,1.0000000,0.00,22.00000,1.750000,0.62146910000,906.3092000,0.0000000,0.0000000,0.0000000,1.7500000,2.0000000,1.0000000,0.0000000
1137,1.0000000,0.00,20.50000,1.540000,0.08959676000,114.8158000,0.0000000,0.0000000,0.0000000,1.5400000,6.0000000,1.0000000,2.0000000
1138,1.0000000,0.00,21.75000,3.500000,0.09086200000,265.0142000,0.0000000,0.0000000,2.0000000,1.1666670,42.0000000,1.0000000,9.0000000
1139,1.0000000,1.00,40.41667,3.300000,0.03977939000,108.9767000,0.0000000,0.0000000,1.0000000,1.6500000,58.0000000,1.0000000,14.0000000
1140,1.0000000,0.00,0.75000,1.600000,0.15419060000,205.2542000,0.0000000,0.0000000,0.0000000,1.6000000,1.0000000,1.0000000,9.0000000
1141,1.0000000,0.00,46.33333,1.600000,0.04630688000,61.7425000,0.0000000,0.0000000,0.0000000,1.6000000,162.0000000,1.0000000,11.0000000
1142,0.0000000,,39.91667,3.600000,0.00000000000,0.0000000,0.0000000,0.0000000,0.0000000,3.6000000,14.0000000,0.0000000,0.0000000
1143,1.0000000,1.00,54.58333,2.640000,0.02984697000,65.2466700,1.0000000,0.0000000,1.0000000,1.3200000,78.0000000,1.0000000,19.0000000
1144,1.0000000,0.00,30.75000,2.458500,0.15035960000,308.0492000,1.0000000,0.0000000,2.0000000,0.8195000,53.0000000,1.0000000,16.0000000
1145,1.0000000,0.00,37.08333,5.200000,0.05915846000,256.1867000,0.0000000,0.0000000,0.0000000,5.2000000,12.0000000,0.0000000,0.0000000
1146,1.0000000,0.00,27.41667,2.000000,0.11181200000,186.3533000,0.0000000,0.0000000,0.0000000,2.0000000,9.0000000,1.0000000,5.0000000
1147,0.0000000,,25.83333,1.650000,0.00000000000,0.0000000,0.0000000,0.0000000,0.0000000,1.6500000,36.0000000,1.0000000,5.0000000
1148,1.0000000,0.00,45.58333,4.900000,0.01453408000,58.9308300,1.0000000,0.0000000,2.0000000,1.6333330,159.0000000,1.0000000,4.0000000
1149,1.0000000,0.00,32.50000,3.700000,0.00345675700,9.7416670,0.0000000,0.0000000,0.0000000,3.7000000,86.0000000,1.0000000,8.0000000
1150,1.0000000,0.00,38.83333,5.400000,0.01299352000,58.0541600,1.0000000,1.0000000,0.0000000,5.4000000,108.0000000,1.0000000,17.0000000
1151,1.0000000,0.00,35.25000,2.350000,0.02238596000,43.3391700,1.0000000,0.0000000,2.0000000,0.7833334,115.0000000,1.0000000,1.0000000
1152,1.0000000,0.00,31.75000,2.400000,0.18695830000,373.4167000,0.0000000,0.0000000,1.0000000,1.2000000,54.0000000,0.0000000,1.0000000
1153,1.0000000,0.00,24.83333,2.700000,0.17207740000,387.1742000,0.0000000,0.0000000,1.0000000,1.3500000,18.0000000,1.0000000,4.0000000
1154,1.0000000,0.00,48.33333,3.700000,0.03722216000,114.6017000,1.0000000,0.0000000,2.0000000,1.2333330,192.0000000,0.0000000,7.0000000
1155,1.0000000,0.00,24.66667,3.074000,0.25080320000,642.4742000,0.0000000,0.0000000,0.0000000,3.0740000,4.0000000,1.0000000,0.0000000
1156,0.0000000,,56.75000,8.000000,0.00000000000,0.0000000,1.0000000,0.0000000,0.0000000,8.0000000,408.0000000,1.0000000,7.0000000
1157,1.0000000,0.00,46.33333,3.050000,0.00349180300,8.1250000,1.0000000,0.0000000,0.0000000,3.0500000,96.0000000,0.0000000,4.0000000
1158,1.0000000,0.00,51.58333,12.499900,0.29755490000,"3,099.5050000",1.0000000,0.0000000,1.0000000,6.2499500,120.0000000,1.0000000,21.0000000
1159,0.0000000,,36.50000,4.000000,0.00000000000,0.0000000,1.0000000,0.0000000,0.0000000,4.0000000,28.0000000,1.0000000,12.0000000
1160,0.0000000,,26.83333,2.600000,0.00000000000,0.0000000,0.0000000,0.0000000,0.0000000,2.6000000,12.0000000,1.0000000,9.0000000
1161,1.0000000,0.00,39.16667,3.120000,0.02673974000,69.2733300,1.0000000,1.0000000,2.0000000,1.0400000,66.0000000,1.0000000,5.0000000
1162,1.0000000,0.00,45.91667,4.000000,0.03421425000,113.6308000,1.0000000,0.0000000,2.0000000,1.3333330,24.0000000,0.0000000,16.0000000
1163,1.0000000,0.00,27.08333,3.250000,0.00860153800,22.4625000,1.0000000,0.0000000,0.0000000,3.2500000,48.0000000,1.0000000,6.0000000
1164,1.0000000,1.00,26.00000,1.730500,0.09120428000,131.5242000,0.0000000,0.0000000,0.0000000,1.7305000,8.0000000,1.0000000,10.0000000
1165,1.0000000,0.00,62.00000,1.638000,0.04700183000,64.0741700,1.0000000,0.0000000,0.0000000,1.6380000,270.0000000,0.0000000,1.0000000
1166,1.0000000,0.00,38.41667,3.800000,0.05987158000,189.1767000,1.0000000,0.0000000,0.0000000,3.8000000,23.0000000,1.0000000,6.0000000
1167,0.0000000,,28.41667,2.000000,0.00000000000,0.0000000,0.0000000,0.0000000,0.0000000,2.0000000,108.0000000,1.0000000,0.0000000
1168,1.0000000,0.00,38.91667,2.136000,0.05966339000,106.2008000,0.0000000,0.0000000,1.0000000,1.0680000,66.0000000,1.0000000,14.0000000
1169,1.0000000,0.00,29.75000,3.000000,0.04671300000,116.4492000,1.0000000,0.0000000,1.0000000,1.5000000,12.0000000,1.0000000,8.0000000
1170,0.0000000,,22.75000,1.800000,0.00000000000,0.0000000,0.0000000,0.0000000,0.0000000,1.8000000,6.0000000,1.0000000,2.0000000
1171,1.0000000,0.00,24.83333,4.000000,0.00165000000,4.5833330,0.0000000,1.0000000,2.0000000,1.3333330,48.0000000,1.0000000,4.0000000
1172,0.0000000,,20.16667,1.800000,0.00000000000,0.0000000,0.0000000,0.0000000,0.0000000,1.8000000,4.0000000,0.0000000,1.0000000
1173,1.0000000,0.00,0.50000,3.050000,0.10172430000,258.5492000,0.0000000,0.0000000,1.0000000,1.5250000,94.0000000,1.0000000,5.0000000
1174,1.0000000,0.00,29.83333,2.800000,0.03458607000,80.4508400,1.0000000,0.0000000,0.0000000,2.8000000,80.0000000,1.0000000,14.0000000
1175,1.0000000,0.00,22.41667,2.000000,0.11579100000,192.8183000,0.0000000,0.0000000,0.0000000,2.0000000,8.0000000,1.0000000,8.0000000
1176,1.0000000,0.00,28.41667,6.900000,0.07231405000,415.8058000,1.0000000,0.0000000,0.0000000,6.9000000,14.0000000,1.0000000,0.0000000
1177,1.0000000,0.00,24.41667,2.800000,0.01463750000,33.5708300,0.0000000,0.0000000,0.0000000,2.8000000,60.0000000,1.0000000,11.0000000
1178,1.0000000,0.00,56.91667,1.920000,0.20042240000,320.6758000,1.0000000,1.0000000,1.0000000,0.9600000,64.0000000,1.0000000,9.0000000
1179,1.0000000,0.00,32.16667,2.300000,0.20003220000,383.3117000,0.0000000,0.0000000,1.0000000,1.1500000,63.0000000,1.0000000,6.0000000
1180,1.0000000,1.00,38.00000,3.270000,0.23869270000,650.4375000,0.0000000,0.0000000,2.0000000,1.0900000,7.0000000,1.0000000,3.0000000
1181,1.0000000,0.00,27.91667,4.000000,0.03709175000,123.2225000,1.0000000,0.0000000,2.0000000,1.3333330,2.0000000,1.0000000,0.0000000
1182,1.0000000,0.00,51.25000,5.300000,0.04344189000,191.7017000,0.0000000,0.0000000,1.0000000,2.6500000,108.0000000,1.0000000,2.0000000
1183,1.0000000,0.00,33.16667,5.600000,0.08529589000,398.0475000,1.0000000,0.0000000,4.0000000,1.1200000,84.0000000,1.0000000,4.0000000
1184,0.0000000,,48.25000,6.800000,0.00000000000,0.0000000,1.0000000,1.0000000,1.0000000,3.4000000,56.0000000,0.0000000,20.0000000
1185,0.0000000,,25.33333,1.600000,0.00000000000,0.0000000,0.0000000,0.0000000,0.0000000,1.6000000,93.0000000,1.0000000,0.0000000
1186,0.0000000,,59.00000,3.500000,0.00000000000,0.0000000,0.0000000,0.0000000,0.0000000,3.5000000,365.0000000,0.0000000,5.0000000
1187,0.0000000,,40.83333,2.500000,0.00000000000,0.0000000,1.0000000,0.0000000,1.0000000,1.2500000,96.0000000,1.0000000,8.0000000
1188,1.0000000,0.00,45.75000,5.000000,0.00152500000,5.5208330,1.0000000,0.0000000,0.0000000,5.0000000,144.0000000,1.0000000,14.0000000
1189,1.0000000,0.00,22.91667,1.920000,0.02146354000,34.0916700,1.0000000,0.0000000,2.0000000,0.6400000,12.0000000,1.0000000,21.0000000
1190,1.0000000,0.00,21.08333,2.200000,0.31526370000,577.9833000,0.0000000,0.0000000,0.0000000,2.2000000,143.0000000,1.0000000,6.0000000
1191,1.0000000,0.00,31.33333,3.200000,0.04113469000,109.6092000,0.0000000,0.0000000,2.0000000,1.0666670,17.0000000,1.0000000,0.0000000
1192,1.0000000,0.00,47.33333,10.400000,0.23094770000,"2,001.5470000",1.0000000,0.0000000,2.0000000,3.4666670,9.0000000,0.0000000,0.0000000
1193,1.0000000,0.00,46.50000,3.500000,0.04229000000,122.9292000,0.0000000,1.0000000,2.0000000,1.1666670,48.0000000,1.0000000,1.0000000
1194,1.0000000,0.00,39.66667,5.100000,0.05751137000,244.4233000,1.0000000,0.0000000,3.0000000,1.2750000,132.0000000,1.0000000,15.0000000
1195,0.0000000,,27.08333,2.700000,0.00000000000,0.0000000,0.0000000,0.0000000,1.0000000,1.3500000,169.0000000,0.0000000,6.0000000
1196,1.0000000,0.00,33.25000,3.180000,0.30580820000,810.3917000,0.0000000,0.0000000,4.0000000,0.6360000,18.0000000,0.0000000,3.0000000
1197,1.0000000,0.00,23.33333,1.850000,0.06057946000,93.3100000,0.0000000,0.0000000,0.0000000,1.8500000,4.0000000,1.0000000,1.0000000
1198,1.0000000,0.00,29.83333,3.000000,0.10598630000,264.9658000,1.0000000,0.0000000,1.0000000,1.5000000,51.0000000,0.0000000,11.0000000
1199,1.0000000,0.00,22.16667,2.400000,0.08183375000,163.4175000,0.0000000,0.0000000,0.0000000,2.4000000,23.0000000,1.0000000,0.0000000
1200,1.0000000,0.00,39.50000,9.999900,0.06579486000,548.0350000,1.0000000,1.0000000,0.0000000,9.9999000,28.0000000,1.0000000,0.0000000
1201,1.0000000,0.00,40.33333,2.000000,0.07238550000,120.5592000,0.0000000,0.0000000,0.0000000,2.0000000,24.0000000,1.0000000,4.0000000
1202,1.0000000,0.00,27.58333,2.600000,0.03666654000,79.3608300,0.0000000,0.0000000,0.0000000,2.6000000,168.0000000,1.0000000,5.0000000
1203,1.0000000,0.00,27.16667,2.500000,0.08877280000,184.9433000,0.0000000,0.0000000,0.0000000,2.5000000,12.0000000,1.0000000,8.0000000
1204,1.0000000,0.00,42.16667,5.200000,0.01342865000,57.4408300,1.0000000,0.0000000,3.0000000,1.3000000,29.0000000,1.0000000,9.0000000
1205,1.0000000,0.00,49.41667,2.400000,0.04437958000,88.5925000,0.0000000,1.0000000,0.0000000,2.4000000,14.0000000,1.0000000,6.0000000
1206,1.0000000,0.00,42.66667,2.590000,0.03148378000,67.5358400,1.0000000,1.0000000,3.0000000,0.6475000,96.0000000,1.0000000,5.0000000
1207,0.0000000,,36.00000,4.500000,0.00000000000,0.0000000,1.0000000,0.0000000,2.0000000,1.5000000,228.0000000,1.0000000,0.0000000
1208,1.0000000,0.00,35.91667,4.200000,0.00261904800,8.3333330,1.0000000,0.0000000,4.0000000,0.8400000,59.0000000,1.0000000,13.0000000
1209,0.0000000,,26.16667,2.500000,0.00000000000,0.0000000,0.0000000,1.0000000,0.0000000,2.5000000,18.0000000,0.0000000,0.0000000
1210,0.0000000,,45.75000,3.400000,0.00000000000,0.0000000,0.0000000,0.0000000,0.0000000,3.4000000,28.0000000,1.0000000,10.0000000
1211,1.0000000,0.00,26.08333,2.000000,0.17002550000,282.8758000,0.0000000,0.0000000,0.0000000,2.0000000,2.0000000,1.0000000,2.0000000
1212,0.0000000,,43.25000,3.950000,0.00000000000,0.0000000,1.0000000,0.0000000,2.0000000,1.3166670,27.0000000,1.0000000,4.0000000
1213,1.0000000,0.00,25.25000,1.800000,0.45599230000,683.9883000,1.0000000,0.0000000,0.0000000,1.8000000,98.0000000,1.0000000,2.0000000
1214,1.0000000,1.00,49.16667,3.700000,0.14352300000,442.4458000,0.0000000,0.0000000,4.0000000,0.7400000,216.0000000,1.0000000,11.0000000
1215,1.0000000,0.00,42.16667,4.040000,0.01336535000,44.4133300,0.0000000,0.0000000,0.0000000,4.0400000,5.0000000,1.0000000,6.0000000
1216,1.0000000,0.00,22.41667,1.950000,0.03733385000,60.5841700,0.0000000,0.0000000,0.0000000,1.9500000,3.0000000,1.0000000,0.0000000
1217,1.0000000,0.00,24.08333,2.250000,0.15846130000,297.0317000,0.0000000,0.0000000,1.0000000,1.1250000,10.0000000,1.0000000,9.0000000
1218,0.0000000,,32.25000,2.250000,0.00000000000,0.0000000,0.0000000,0.0000000,1.0000000,1.1250000,42.0000000,0.0000000,13.0000000
1219,0.0000000,,32.75000,3.000000,0.00000000000,0.0000000,1.0000000,0.0000000,3.0000000,0.7500000,32.0000000,1.0000000,7.0000000
1220,1.0000000,0.00,38.16667,5.100000,0.02130902000,90.0633300,0.0000000,0.0000000,0.0000000,5.1000000,60.0000000,1.0000000,7.0000000
1221,1.0000000,0.00,50.33333,7.100000,0.04148197000,245.3517000,1.0000000,0.0000000,2.0000000,2.3666670,12.0000000,1.0000000,0.0000000
1222,0.0000000,,22.91667,2.070000,0.00000000000,0.0000000,0.0000000,0.0000000,0.0000000,2.0700000,1.0000000,1.0000000,0.0000000
1223,1.0000000,0.00,21.58333,3.120000,0.08677917000,225.4592000,0.0000000,0.0000000,1.0000000,1.5600000,10.0000000,0.0000000,6.0000000
1224,1.0000000,0.00,41.00000,6.825000,0.11685320000,664.6025000,0.0000000,0.0000000,2.0000000,2.2750000,12.0000000,1.0000000,0.0000000
1225,1.0000000,0.00,21.08333,1.534400,0.00430135600,4.5833330,0.0000000,0.0000000,0.0000000,1.5344000,14.0000000,1.0000000,11.0000000
1226,1.0000000,0.00,27.75000,2.200000,0.14034640000,257.3017000,0.0000000,0.0000000,0.0000000,2.2000000,3.0000000,0.0000000,1.0000000
1227,1.0000000,1.00,27.75000,2.700000,0.09362111000,210.6475000,0.0000000,0.0000000,0.0000000,2.7000000,9.0000000,1.0000000,13.0000000
1228,0.0000000,,33.83333,3.800000,0.00000000000,0.0000000,1.0000000,0.0000000,0.0000000,3.8000000,153.0000000,1.0000000,11.0000000
1229,1.0000000,0.00,36.41667,2.200000,0.01145455000,20.3333300,1.0000000,0.0000000,0.0000000,2.2000000,77.0000000,1.0000000,0.0000000
1230,1.0000000,0.00,61.00000,1.500000,0.26851670000,335.5625000,1.0000000,0.0000000,1.0000000,0.7500000,372.0000000,1.0000000,24.0000000
1231,1.0000000,0.00,28.08333,5.470000,0.02919232000,133.0683000,1.0000000,0.0000000,3.0000000,1.3675000,18.0000000,1.0000000,0.0000000
1232,1.0000000,0.00,24.25000,2.000000,0.05596850000,93.1975000,0.0000000,0.0000000,0.0000000,2.0000000,18.0000000,1.0000000,12.0000000
1233,1.0000000,0.00,39.91667,2.250000,0.05117067000,95.5283400,1.0000000,0.0000000,0.0000000,2.2500000,240.0000000,1.0000000,7.0000000
1234,1.0000000,0.00,55.16667,6.700000,0.03858522000,214.9342000,1.0000000,0.0000000,1.0000000,3.3500000,300.0000000,1.0000000,13.0000000
1235,1.0000000,0.00,25.08333,1.500000,0.01280000000,15.4166700,0.0000000,0.0000000,1.0000000,0.7500000,12.0000000,1.0000000,7.0000000
1236,1.0000000,0.00,27.33333,2.750000,0.06718982000,153.7267000,0.0000000,0.0000000,0.0000000,2.7500000,6.0000000,1.0000000,3.0000000
1237,1.0000000,0.00,23.33333,2.550000,0.00796078400,16.2500000,0.0000000,0.0000000,1.0000000,1.2750000,6.0000000,1.0000000,0.0000000
1238,1.0000000,0.00,31.83333,2.419200,0.05800388000,116.3525000,0.0000000,0.0000000,0.0000000,2.4192000,24.0000000,1.0000000,7.0000000
1239,0.0000000,,36.16667,2.408000,0.00000000000,0.0000000,0.0000000,0.0000000,4.0000000,0.4816000,14.0000000,1.0000000,0.0000000
1240,1.0000000,0.00,32.00000,2.600000,0.00296153800,5.5833330,0.0000000,0.0000000,0.0000000,2.6000000,84.0000000,1.0000000,21.0000000
1241,1.0000000,0.00,22.25000,2.800000,0.25329930000,590.9484000,1.0000000,0.0000000,1.0000000,1.4000000,6.0000000,1.0000000,7.0000000
1242,0.0000000,,28.33333,1.932400,0.00000000000,0.0000000,0.0000000,0.0000000,2.0000000,0.6441333,74.0000000,1.0000000,4.0000000
1243,0.0000000,,35.58333,5.100000,0.00000000000,0.0000000,1.0000000,0.0000000,1.0000000,2.5500000,63.0000000,1.0000000,8.0000000
1244,1.0000000,0.00,28.41667,2.430400,0.22843440000,462.6558000,1.0000000,0.0000000,2.0000000,0.8101333,29.0000000,1.0000000,17.0000000
1245,1.0000000,0.00,20.16667,1.500000,0.11964070000,149.5508000,0.0000000,0.0000000,0.0000000,1.5000000,3.0000000,1.0000000,3.0000000
1246,1.0000000,0.00,23.75000,2.800000,0.01487500000,34.1250000,0.0000000,0.0000000,2.0000000,0.9333333,48.0000000,1.0000000,8.0000000
1247,0.0000000,,25.83333,3.900000,0.00000000000,0.0000000,0.0000000,0.0000000,0.0000000,3.9000000,18.0000000,1.0000000,3.0000000
1248,0.0000000,,26.66667,2.000000,0.00000000000,0.0000000,0.0000000,1.0000000,1.0000000,1.0000000,63.0000000,1.0000000,2.0000000
1249,1.0000000,0.00,28.25000,2.550000,0.23959410000,509.0542000,0.0000000,0.0000000,1.0000000,1.2750000,90.0000000,1.0000000,3.0000000
1250,1.0000000,0.00,19.00000,2.800000,0.16721430000,390.1667000,1.0000000,0.0000000,0.0000000,2.8000000,10.0000000,0.0000000,0.0000000
1251,0.0000000,,33.25000,3.700000,0.00000000000,0.0000000,1.0000000,0.0000000,2.0000000,1.2333330,72.0000000,1.0000000,0.0000000
1252,1.0000000,0.00,43.33333,3.949500,0.15714750000,517.2117000,1.0000000,0.0000000,6.0000000,0.5642143,3.0000000,0.0000000,0.0000000
1253,0.0000000,,28.33333,3.300000,0.00000000000,0.0000000,0.0000000,0.0000000,1.0000000,1.6500000,36.0000000,1.0000000,17.0000000
1254,1.0000000,0.00,45.58333,2.400000,0.01216667000,23.5833300,1.0000000,0.0000000,2.0000000,0.8000000,122.0000000,1.0000000,11.0000000
1255,1.0000000,0.00,28.91667,2.750000,0.38227850000,875.8884000,1.0000000,0.0000000,1.0000000,1.3750000,3.0000000,1.0000000,3.0000000
1256,1.0000000,0.00,44.33333,4.300000,0.01639512000,57.9158300,1.0000000,0.0000000,3.0000000,1.0750000,156.0000000,1.0000000,9.0000000
1257,1.0000000,0.00,52.41667,2.400000,0.06928459000,138.5692000,0.0000000,1.0000000,1.0000000,1.2000000,96.0000000,1.0000000,2.0000000
1258,1.0000000,0.00,30.66667,2.500000,0.06117880000,127.3725000,1.0000000,0.0000000,1.0000000,1.2500000,24.0000000,1.0000000,23.0000000
1259,1.0000000,0.00,25.58333,3.410000,0.00652258100,17.7850000,1.0000000,0.0000000,1.0000000,1.7050000,7.0000000,1.0000000,6.0000000
1260,1.0000000,0.00,40.75000,6.000000,0.06123966000,306.0317000,0.0000000,1.0000000,2.0000000,2.0000000,182.0000000,1.0000000,16.0000000
1261,0.0000000,,32.16667,2.800000,0.00000000000,0.0000000,1.0000000,0.0000000,3.0000000,0.7000000,106.0000000,0.0000000,11.0000000
1262,1.0000000,0.00,24.83333,1.510000,0.20529800000,258.1667000,1.0000000,0.0000000,0.0000000,1.5100000,30.0000000,1.0000000,2.0000000
1263,1.0000000,0.00,27.16667,2.200000,0.00730954500,12.6508300,0.0000000,0.0000000,0.0000000,2.2000000,60.0000000,0.0000000,2.0000000
1264,1.0000000,1.00,28.16667,2.500000,0.00320000000,5.8333330,0.0000000,0.0000000,1.0000000,1.2500000,24.0000000,1.0000000,6.0000000
1265,0.0000000,,25.41667,4.000000,0.00000000000,0.0000000,0.0000000,0.0000000,0.0000000,4.0000000,36.0000000,1.0000000,32.0000000
1266,1.0000000,0.00,24.91667,3.400000,0.10632970000,301.0175000,0.0000000,0.0000000,0.0000000,3.4000000,17.0000000,1.0000000,7.0000000
1267,0.0000000,,26.33333,1.500000,0.00000000000,0.0000000,0.0000000,0.0000000,0.0000000,1.5000000,8.0000000,1.0000000,0.0000000
1268,1.0000000,0.00,49.83333,6.900000,0.06075971000,349.2017000,1.0000000,0.0000000,3.0000000,1.7250000,160.0000000,0.0000000,0.0000000
1269,1.0000000,0.00,23.50000,2.800000,0.06339286000,147.3333000,0.0000000,0.0000000,0.0000000,2.8000000,64.0000000,1.0000000,8.0000000
1270,1.0000000,1.00,32.75000,6.000000,0.08980783000,449.0392000,0.0000000,0.0000000,0.0000000,6.0000000,6.0000000,0.0000000,17.0000000
1271,1.0000000,0.00,37.75000,5.900000,0.06604102000,324.6183000,1.0000000,0.0000000,3.0000000,1.4750000,28.0000000,1.0000000,11.0000000
1272,0.0000000,,23.83333,2.550000,0.00000000000,0.0000000,1.0000000,0.0000000,2.0000000,0.8500000,24.0000000,1.0000000,0.0000000
1273,1.0000000,0.00,24.16667,2.889600,0.08017754000,193.0675000,0.0000000,0.0000000,0.0000000,2.8896000,12.0000000,0.0000000,0.0000000
1274,0.0000000,,56.00000,1.450000,0.00000000000,0.0000000,1.0000000,0.0000000,0.0000000,1.4500000,242.0000000,1.0000000,4.0000000
1275,1.0000000,0.00,24.00000,2.100000,0.08367810000,146.2700000,1.0000000,0.0000000,0.0000000,2.1000000,24.0000000,1.0000000,14.0000000
1276,1.0000000,0.00,23.83333,3.000000,0.08901566000,222.5392000,0.0000000,0.0000000,0.0000000,3.0000000,12.0000000,1.0000000,5.0000000
1277,0.0000000,,29.50000,3.000000,0.00000000000,0.0000000,1.0000000,0.0000000,2.0000000,1.0000000,60.0000000,1.0000000,8.0000000
1278,1.0000000,0.00,25.08333,2.650000,0.00965094400,20.4791700,0.0000000,0.0000000,0.0000000,2.6500000,12.0000000,1.0000000,9.0000000
1279,1.0000000,0.00,41.66667,2.475200,0.06724951000,138.5467000,0.0000000,0.0000000,2.0000000,0.8250667,222.0000000,0.0000000,10.0000000
1280,0.0000000,,19.50000,1.560000,0.00000000000,0.0000000,1.0000000,0.0000000,0.0000000,1.5600000,46.0000000,0.0000000,3.0000000
1281,1.0000000,0.00,40.66667,5.050000,0.02842812000,119.3017000,1.0000000,0.0000000,0.0000000,5.0500000,128.0000000,1.0000000,10.0000000
1282,0.0000000,,22.50000,1.800000,0.00000000000,0.0000000,0.0000000,0.0000000,2.0000000,0.6000000,4.0000000,1.0000000,0.0000000
1283,1.0000000,0.00,44.66667,2.400000,0.00050000000,0.0000000,0.0000000,0.0000000,0.0000000,2.4000000,36.0000000,1.0000000,11.0000000
1284,1.0000000,0.00,47.41667,4.920000,0.04489390000,183.8983000,1.0000000,1.0000000,1.0000000,2.4600000,288.0000000,1.0000000,14.0000000
1285,1.0000000,1.00,37.08333,5.490000,0.16021400000,732.9792000,1.0000000,0.0000000,1.0000000,2.7450000,60.0000000,1.0000000,19.0000000
1286,,,27.00000,2.675000,0.0000000,0.0000000,1.0000000,0.0000000,0.0000000,2.6750000,135.0000000,1.0000000,0.0000000
1287,,,27.58333,5.500000,0.0000000,0.0000000,0.0000000,1.0000000,0.0000000,5.5000000,72.0000000,1.0000000,11.0000000
1288,,,31.25000,5.000000,0.0000000,0.0000000,1.0000000,0.0000000,2.0000000,1.6666670,12.0000000,1.0000000,12.0000000
1289,,,25.25000,2.880000,0.0000000,0.0000000,0.0000000,0.0000000,0.0000000,2.8800000,7.0000000,1.0000000,0.0000000
1290,,,30.00000,1.850000,0.0000000,0.0000000,0.0000000,0.0000000,0.0000000,1.8500000,60.0000000,1.0000000,12.0000000
1291,,,35.50000,5.500000,0.0000000,0.0000000,0.0000000,0.0000000,0.0000000,5.5000000,36.0000000,1.0000000,2.0000000
1292,,,33.25000,3.600000,0.0000000,0.0000000,0.0000000,0.0000000,3.0000000,0.9000000,16.0000000,1.0000000,9.0000000
1293,,,39.00000,3.500000,0.0000000,0.0000000,1.0000000,0.0000000,2.0000000,1.1666670,113.0000000,0.0000000,13.0000000
1294,,,40.75000,8.000000,0.0000000,0.0000000,1.0000000,0.0000000,2.0000000,2.6666670,38.0000000,1.0000000,0.0000000
1295,,,63.16667,5.500000,0.0000000,0.0000000,1.0000000,0.0000000,1.0000000,2.7500000,192.0000000,1.0000000,15.0000000
1296,,,33.16667,3.400000,0.0000000,0.0000000,1.0000000,0.0000000,1.0000000,1.7000000,36.0000000,1.0000000,7.0000000
1297,,,43.08333,2.431700,0.0000000,0.0000000,0.0000000,0.0000000,2.0000000,0.8105667,18.0000000,1.0000000,28.0000000
1298,,,38.91667,3.000000,0.0000000,0.0000000,1.0000000,0.0000000,1.0000000,1.5000000,84.0000000,1.0000000,11.0000000
1299,,,26.50000,2.600000,0.0000000,0.0000000,1.0000000,0.0000000,0.0000000,2.6000000,12.0000000,1.0000000,13.0000000
1300,,,51.66667,3.000000,0.0000000,0.0000000,1.0000000,0.0000000,0.0000000,3.0000000,121.0000000,1.0000000,0.0000000
1301,,,38.25000,2.485200,0.0000000,0.0000000,0.0000000,0.0000000,2.0000000,0.8284000,24.0000000,1.0000000,10.0000000
1302,,,29.33333,3.500000,0.0000000,0.0000000,0.0000000,0.0000000,0.0000000,3.5000000,19.0000000,1.0000000,0.0000000
1303,,,23.50000,2.800000,0.0000000,0.0000000,1.0000000,0.0000000,0.0000000,2.8000000,12.0000000,1.0000000,3.0000000
1304,,,36.91667,2.600000,0.0000000,0.0000000,1.0000000,0.0000000,1.0000000,1.3000000,54.0000000,1.0000000,14.0000000
1305,,,26.16667,4.000000,0.0000000,0.0000000,0.0000000,0.0000000,2.0000000,1.3333330,18.0000000,0.0000000,0.0000000
1306,,,32.91667,3.000000,0.0000000,0.0000000,0.0000000,0.0000000,0.0000000,3.0000000,216.0000000,0.0000000,5.0000000
1307,,,0.50000,3.700000,0.0000000,0.0000000,0.0000000,0.0000000,0.0000000,3.7000000,186.0000000,0.0000000,5.0000000
1308,,,25.66667,1.700000,0.0000000,0.0000000,0.0000000,0.0000000,1.0000000,0.8500000,27.0000000,1.0000000,8.0000000
1309,,,37.58333,2.962300,0.0000000,0.0000000,1.0000000,1.0000000,1.0000000,1.4811500,93.0000000,1.0000000,13.0000000
1310,,,52.25000,3.700000,0.0000000,0.0000000,0.0000000,0.0000000,4.0000000,0.7400000,1.0000000,1.0000000,6.0000000
1311,,,33.25000,1.700000,0.0000000,0.0000000,0.0000000,0.0000000,0.0000000,1.7000000,146.0000000,1.0000000,17.0000000
1312,,,37.00000,3.800000,0.0000000,0.0000000,1.0000000,0.0000000,0.0000000,3.8000000,97.0000000,1.0000000,6.0000000
1313,,,40.58333,2.568500,0.0000000,0.0000000,0.0000000,0.0000000,0.0000000,2.5685000,54.0000000,1.0000000,3.0000000
1314,,,23.50000,2.500000,0.0000000,0.0000000,0.0000000,0.0000000,0.0000000,2.5000000,36.0000000,0.0000000,0.0000000
1315,,,53.25000,3.960000,0.0000000,0.0000000,1.0000000,0.0000000,1.0000000,1.9800000,180.0000000,0.0000000,5.0000000
1316,,,30.25000,4.506000,0.0000000,0.0000000,0.0000000,0.0000000,2.0000000,1.5020000,38.0000000,1.0000000,7.0000000
1317,,,27.91667,3.960000,0.0000000,0.0000000,0.0000000,0.0000000,2.0000000,1.3200000,7.0000000,1.0000000,5.0000000
1318,,,46.41667,3.500000,0.0000000,0.0000000,1.0000000,0.0000000,1.0000000,1.7500000,121.0000000,0.0000000,5.0000000
1319,,,31.08333,1.515000,0.0000000,0.0000000,0.0000000,0.0000000,2.0000000,0.5050000,20.0000000,1.0000000,0.0000000
